filepath,label,group_id,filename,split
C:\Users\laura\OneDrive\Documenti\UNIVCA\TERZO ANNO\TIROCINIO\MP-IDB-The-Malaria-Parasite-Image-Database-for-Image-Processing-and-Analysis\Falciparum\crops\R\1409171742-0001-R_0.png,Falciparum,1409171742,1409171742-0001-R_0.png,test
C:\Users\laura\OneDrive\Documenti\UNIVCA\TERZO ANNO\TIROCINIO\MP-IDB-The-Malaria-Parasite-Image-Database-for-Image-Processing-and-Analysis\Falciparum\crops\R\1409171742-0002-R_0.png,Falciparum,1409171742,1409171742-0002-R_0.png,test
C:\Users\laura\OneDrive\Documenti\UNIVCA\TERZO ANNO\TIROCINIO\MP-IDB-The-Malaria-Parasite-Image-Database-for-Image-Processing-and-Analysis\Falciparum\crops\R\1409171742-0003-R_0.png,Falciparum,1409171742,1409171742-0003-R_0.png,test
C:\Users\laura\OneDrive\Documenti\UNIVCA\TERZO ANNO\TIROCINIO\MP-IDB-The-Malaria-Parasite-Image-Database-for-Image-Processing-and-Analysis\Falciparum\crops\R\1409171742-0004-R_0.png,Falciparum,1409171742,1409171742-0004-R_0.png,test
C:\Users\laura\OneDrive\Documenti\UNIVCA\TERZO ANNO\TIROCINIO\MP-IDB-The-Malaria-Parasite-Image-Database-for-Image-Processing-and-Analysis\Falciparum\crops\R\1409171742-0005-R_0.png,Falciparum,1409171742,1409171742-0005-R_0.png,test
C:\Users\laura\OneDrive\Documenti\UNIVCA\TERZO ANNO\TIROCINIO\MP-IDB-The-Malaria-Parasite-Image-Database-for-Image-Processing-and-Analysis\Falciparum\crops\R\1409171742-0006-R_0.png,Falciparum,1409171742,1409171742-0006-R_0.png,test
C:\Users\laura\OneDrive\Documenti\UNIVCA\TERZO ANNO\TIROCINIO\MP-IDB-The-Malaria-Parasite-Image-Database-for-Image-Processing-and-Analysis\Falciparum\crops\R\1409171742-0007-R_0.png,Falciparum,1409171742,1409171742-0007-R_0.png,test
C:\Users\laura\OneDrive\Documenti\UNIVCA\TERZO ANNO\TIROCINIO\MP-IDB-The-Malaria-Parasite-Image-Database-for-Image-Processing-and-Analysis\Falciparum\crops\R\1409171742-0008-R_0.png,Falciparum,1409171742,1409171742-0008-R_0.png,test
C:\Users\laura\OneDrive\Documenti\UNIVCA\TERZO ANNO\TIROCINIO\MP-IDB-The-Malaria-Parasite-Image-Database-for-Image-Processing-and-Analysis\Falciparum\crops\R\1409171742-0009-R_0.png,Falciparum,1409171742,1409171742-0009-R_0.png,test
C:\Users\laura\OneDrive\Documenti\UNIVCA\TERZO ANNO\TIROCINIO\MP-IDB-The-Malaria-Parasite-Image-Database-for-Image-Processing-and-Analysis\Falciparum\crops\R\1409171742-0010-R_0.png,Falciparum,1409171742,1409171742-0010-R_0.png,test
C:\Users\laura\OneDrive\Documenti\UNIVCA\TERZO ANNO\TIROCINIO\MP-IDB-The-Malaria-Parasite-Image-Database-for-Image-Processing-and-Analysis\Falciparum\crops\R\1409191647-0001-R_0.png,Falciparum,1409191647,1409191647-0001-R_0.png,test
C:\Users\laura\OneDrive\Documenti\UNIVCA\TERZO ANNO\TIROCINIO\MP-IDB-The-Malaria-Parasite-Image-Database-for-Image-Processing-and-Analysis\Falciparum\crops\R\1409191647-0002-R_0.png,Falciparum,1409191647,1409191647-0002-R_0.png,test
C:\Users\laura\OneDrive\Documenti\UNIVCA\TERZO ANNO\TIROCINIO\MP-IDB-The-Malaria-Parasite-Image-Database-for-Image-Processing-and-Analysis\Falciparum\crops\R\1409191647-0003-R_0.png,Falciparum,1409191647,1409191647-0003-R_0.png,test
C:\Users\laura\OneDrive\Documenti\UNIVCA\TERZO ANNO\TIROCINIO\MP-IDB-The-Malaria-Parasite-Image-Database-for-Image-Processing-and-Analysis\Falciparum\crops\R\1409191647-0004-R_0.png,Falciparum,1409191647,1409191647-0004-R_0.png,test
C:\Users\laura\OneDrive\Documenti\UNIVCA\TERZO ANNO\TIROCINIO\MP-IDB-The-Malaria-Parasite-Image-Database-for-Image-Processing-and-Analysis\Falciparum\crops\R\1409191647-0005-R_0.png,Falciparum,1409191647,1409191647-0005-R_0.png,test
C:\Users\laura\OneDrive\Documenti\UNIVCA\TERZO ANNO\TIROCINIO\MP-IDB-The-Malaria-Parasite-Image-Database-for-Image-Processing-and-Analysis\Falciparum\crops\R\1409191647-0006-R_0.png,Falciparum,1409191647,1409191647-0006-R_0.png,test
C:\Users\laura\OneDrive\Documenti\UNIVCA\TERZO ANNO\TIROCINIO\MP-IDB-The-Malaria-Parasite-Image-Database-for-Image-Processing-and-Analysis\Falciparum\crops\R\1409191647-0007-R_0.png,Falciparum,1409191647,1409191647-0007-R_0.png,test
C:\Users\laura\OneDrive\Documenti\UNIVCA\TERZO ANNO\TIROCINIO\MP-IDB-The-Malaria-Parasite-Image-Database-for-Image-Processing-and-Analysis\Falciparum\crops\T\1409191647-0008-T_0.png,Falciparum,1409191647,1409191647-0008-T_0.png,test
C:\Users\laura\OneDrive\Documenti\UNIVCA\TERZO ANNO\TIROCINIO\MP-IDB-The-Malaria-Parasite-Image-Database-for-Image-Processing-and-Analysis\Falciparum\crops\R\1409191647-0009-R_0.png,Falciparum,1409191647,1409191647-0009-R_0.png,test
C:\Users\laura\OneDrive\Documenti\UNIVCA\TERZO ANNO\TIROCINIO\MP-IDB-The-Malaria-Parasite-Image-Database-for-Image-Processing-and-Analysis\Falciparum\crops\R\1409191647-0010-R_0.png,Falciparum,1409191647,1409191647-0010-R_0.png,test
C:\Users\laura\OneDrive\Documenti\UNIVCA\TERZO ANNO\TIROCINIO\MP-IDB-The-Malaria-Parasite-Image-Database-for-Image-Processing-and-Analysis\Malariae\crops\T\1401080976-0001-T_diag.png,Malariae,1401080976,1401080976-0001-T_diag.png,test
C:\Users\laura\OneDrive\Documenti\UNIVCA\TERZO ANNO\TIROCINIO\MP-IDB-The-Malaria-Parasite-Image-Database-for-Image-Processing-and-Analysis\Malariae\crops\T\1401080976-0002-T_diag.png,Malariae,1401080976,1401080976-0002-T_diag.png,test
C:\Users\laura\OneDrive\Documenti\UNIVCA\TERZO ANNO\TIROCINIO\MP-IDB-The-Malaria-Parasite-Image-Database-for-Image-Processing-and-Analysis\Malariae\crops\T\1401080976-0003-T_diag.png,Malariae,1401080976,1401080976-0003-T_diag.png,test
C:\Users\laura\OneDrive\Documenti\UNIVCA\TERZO ANNO\TIROCINIO\MP-IDB-The-Malaria-Parasite-Image-Database-for-Image-Processing-and-Analysis\Malariae\crops\T\1401080976-0004-T_diag.png,Malariae,1401080976,1401080976-0004-T_diag.png,test
C:\Users\laura\OneDrive\Documenti\UNIVCA\TERZO ANNO\TIROCINIO\MP-IDB-The-Malaria-Parasite-Image-Database-for-Image-Processing-and-Analysis\Malariae\crops\T\1401080976-0005-T_diag.png,Malariae,1401080976,1401080976-0005-T_diag.png,test
C:\Users\laura\OneDrive\Documenti\UNIVCA\TERZO ANNO\TIROCINIO\MP-IDB-The-Malaria-Parasite-Image-Database-for-Image-Processing-and-Analysis\Malariae\crops\T\1401080976-0006-T_diag.png,Malariae,1401080976,1401080976-0006-T_diag.png,test
C:\Users\laura\OneDrive\Documenti\UNIVCA\TERZO ANNO\TIROCINIO\MP-IDB-The-Malaria-Parasite-Image-Database-for-Image-Processing-and-Analysis\Malariae\crops\T\1401080976-0007-T_diag.png,Malariae,1401080976,1401080976-0007-T_diag.png,test
C:\Users\laura\OneDrive\Documenti\UNIVCA\TERZO ANNO\TIROCINIO\MP-IDB-The-Malaria-Parasite-Image-Database-for-Image-Processing-and-Analysis\Malariae\crops\T\1401080976-0008-T_diag.png,Malariae,1401080976,1401080976-0008-T_diag.png,test
C:\Users\laura\OneDrive\Documenti\UNIVCA\TERZO ANNO\TIROCINIO\MP-IDB-The-Malaria-Parasite-Image-Database-for-Image-Processing-and-Analysis\Malariae\crops\S\1401080976-0009-S_T_diag.png,Malariae,1401080976,1401080976-0009-S_T_diag.png,test
C:\Users\laura\OneDrive\Documenti\UNIVCA\TERZO ANNO\TIROCINIO\MP-IDB-The-Malaria-Parasite-Image-Database-for-Image-Processing-and-Analysis\Ovale\crops\R\1708161076-0001-R_diag.png,Ovale,1708161076,1708161076-0001-R_diag.png,test
C:\Users\laura\OneDrive\Documenti\UNIVCA\TERZO ANNO\TIROCINIO\MP-IDB-The-Malaria-Parasite-Image-Database-for-Image-Processing-and-Analysis\Ovale\crops\R\1708161076-0002-R_diag.png,Ovale,1708161076,1708161076-0002-R_diag.png,test
C:\Users\laura\OneDrive\Documenti\UNIVCA\TERZO ANNO\TIROCINIO\MP-IDB-The-Malaria-Parasite-Image-Database-for-Image-Processing-and-Analysis\Ovale\crops\R\1708161076-0003-R_diag.png,Ovale,1708161076,1708161076-0003-R_diag.png,test
C:\Users\laura\OneDrive\Documenti\UNIVCA\TERZO ANNO\TIROCINIO\MP-IDB-The-Malaria-Parasite-Image-Database-for-Image-Processing-and-Analysis\Ovale\crops\R\1708161076-0004-R_diag.png,Ovale,1708161076,1708161076-0004-R_diag.png,test
C:\Users\laura\OneDrive\Documenti\UNIVCA\TERZO ANNO\TIROCINIO\MP-IDB-The-Malaria-Parasite-Image-Database-for-Image-Processing-and-Analysis\Ovale\crops\G\1708161076-0005-G_diag.png,Ovale,1708161076,1708161076-0005-G_diag.png,test
C:\Users\laura\OneDrive\Documenti\UNIVCA\TERZO ANNO\TIROCINIO\MP-IDB-The-Malaria-Parasite-Image-Database-for-Image-Processing-and-Analysis\Ovale\crops\R\1708161076-0006-R_diag.png,Ovale,1708161076,1708161076-0006-R_diag.png,test
C:\Users\laura\OneDrive\Documenti\UNIVCA\TERZO ANNO\TIROCINIO\MP-IDB-The-Malaria-Parasite-Image-Database-for-Image-Processing-and-Analysis\Ovale\crops\R\1708161076-0007-R_diag.png,Ovale,1708161076,1708161076-0007-R_diag.png,test
C:\Users\laura\OneDrive\Documenti\UNIVCA\TERZO ANNO\TIROCINIO\MP-IDB-The-Malaria-Parasite-Image-Database-for-Image-Processing-and-Analysis\Ovale\crops\G\1708161076-0008-G_diag.png,Ovale,1708161076,1708161076-0008-G_diag.png,test
C:\Users\laura\OneDrive\Documenti\UNIVCA\TERZO ANNO\TIROCINIO\MP-IDB-The-Malaria-Parasite-Image-Database-for-Image-Processing-and-Analysis\Ovale\crops\R\1708161076-0009-R_diag.png,Ovale,1708161076,1708161076-0009-R_diag.png,test
C:\Users\laura\OneDrive\Documenti\UNIVCA\TERZO ANNO\TIROCINIO\MP-IDB-The-Malaria-Parasite-Image-Database-for-Image-Processing-and-Analysis\Ovale\crops\G\1708161076-0010-G_diag.png,Ovale,1708161076,1708161076-0010-G_diag.png,test
C:\Users\laura\OneDrive\Documenti\UNIVCA\TERZO ANNO\TIROCINIO\MP-IDB-The-Malaria-Parasite-Image-Database-for-Image-Processing-and-Analysis\Vivax\crops\R\1709041080-0013-R_1.png,Vivax,1709041080,1709041080-0013-R_1.png,test
C:\Users\laura\OneDrive\Documenti\UNIVCA\TERZO ANNO\TIROCINIO\MP-IDB-The-Malaria-Parasite-Image-Database-for-Image-Processing-and-Analysis\Vivax\crops\R\1709041080-0014-R_1.png,Vivax,1709041080,1709041080-0014-R_1.png,test
C:\Users\laura\OneDrive\Documenti\UNIVCA\TERZO ANNO\TIROCINIO\MP-IDB-The-Malaria-Parasite-Image-Database-for-Image-Processing-and-Analysis\Vivax\crops\R\1709041080-0015-R_1.png,Vivax,1709041080,1709041080-0015-R_1.png,test
C:\Users\laura\OneDrive\Documenti\UNIVCA\TERZO ANNO\TIROCINIO\MP-IDB-The-Malaria-Parasite-Image-Database-for-Image-Processing-and-Analysis\Vivax\crops\S\1709041080-0016-S_1.png,Vivax,1709041080,1709041080-0016-S_1.png,test
C:\Users\laura\OneDrive\Documenti\UNIVCA\TERZO ANNO\TIROCINIO\MP-IDB-The-Malaria-Parasite-Image-Database-for-Image-Processing-and-Analysis\Vivax\crops\R\1709041080-0017-R_1.png,Vivax,1709041080,1709041080-0017-R_1.png,test
C:\Users\laura\OneDrive\Documenti\UNIVCA\TERZO ANNO\TIROCINIO\MP-IDB-The-Malaria-Parasite-Image-Database-for-Image-Processing-and-Analysis\Vivax\crops\R\1709041080-0018-R_1.png,Vivax,1709041080,1709041080-0018-R_1.png,test
C:\Users\laura\OneDrive\Documenti\UNIVCA\TERZO ANNO\TIROCINIO\MP-IDB-The-Malaria-Parasite-Image-Database-for-Image-Processing-and-Analysis\Vivax\crops\R\1709041080-0019-R_1.png,Vivax,1709041080,1709041080-0019-R_1.png,test
C:\Users\laura\OneDrive\Documenti\UNIVCA\TERZO ANNO\TIROCINIO\MP-IDB-The-Malaria-Parasite-Image-Database-for-Image-Processing-and-Analysis\Vivax\crops\R\1709041080-0020-R_1.png,Vivax,1709041080,1709041080-0020-R_1.png,test
C:\Users\laura\OneDrive\Documenti\UNIVCA\TERZO ANNO\TIROCINIO\MP-IDB-The-Malaria-Parasite-Image-Database-for-Image-Processing-and-Analysis\Vivax\crops\R\1709041080-0021-R_T_2.png,Vivax,1709041080,1709041080-0021-R_T_2.png,test
C:\Users\laura\OneDrive\Documenti\UNIVCA\TERZO ANNO\TIROCINIO\MP-IDB-The-Malaria-Parasite-Image-Database-for-Image-Processing-and-Analysis\Vivax\crops\T\1709041080-0022-T_1.png,Vivax,1709041080,1709041080-0022-T_1.png,test
C:\Users\laura\OneDrive\Documenti\UNIVCA\TERZO ANNO\TIROCINIO\MP-IDB-The-Malaria-Parasite-Image-Database-for-Image-Processing-and-Analysis\Vivax\crops\R\1709041080-0023-R_1.png,Vivax,1709041080,1709041080-0023-R_1.png,test
C:\Users\laura\OneDrive\Documenti\UNIVCA\TERZO ANNO\TIROCINIO\MP-IDB-The-Malaria-Parasite-Image-Database-for-Image-Processing-and-Analysis\Vivax\crops\R\1709041080-0024-R_1.png,Vivax,1709041080,1709041080-0024-R_1.png,test
C:\Users\laura\OneDrive\Documenti\UNIVCA\TERZO ANNO\TIROCINIO\MP-IDB-The-Malaria-Parasite-Image-Database-for-Image-Processing-and-Analysis\Vivax\crops\R\1709041080-0025-R_T_1.png,Vivax,1709041080,1709041080-0025-R_T_1.png,test
C:\Users\laura\OneDrive\Documenti\UNIVCA\TERZO ANNO\TIROCINIO\MP-IDB-The-Malaria-Parasite-Image-Database-for-Image-Processing-and-Analysis\Vivax\crops\R\1709041080-0027-R_1.png,Vivax,1709041080,1709041080-0027-R_1.png,test
C:\Users\laura\OneDrive\Documenti\UNIVCA\TERZO ANNO\TIROCINIO\MP-IDB-The-Malaria-Parasite-Image-Database-for-Image-Processing-and-Analysis\Vivax\crops\T\1709041080-0028-T_1.png,Vivax,1709041080,1709041080-0028-T_1.png,test
C:\Users\laura\OneDrive\Documenti\UNIVCA\TERZO ANNO\TIROCINIO\MP-IDB-The-Malaria-Parasite-Image-Database-for-Image-Processing-and-Analysis\Vivax\crops\T\1709041080-0029-T_1.png,Vivax,1709041080,1709041080-0029-T_1.png,test
C:\Users\laura\OneDrive\Documenti\UNIVCA\TERZO ANNO\TIROCINIO\MP-IDB-The-Malaria-Parasite-Image-Database-for-Image-Processing-and-Analysis\Vivax\crops\S\1709041080-0030-S_1.png,Vivax,1709041080,1709041080-0030-S_1.png,test
C:\Users\laura\OneDrive\Documenti\UNIVCA\TERZO ANNO\TIROCINIO\MP-IDB-The-Malaria-Parasite-Image-Database-for-Image-Processing-and-Analysis\Vivax\crops\S\1709041080-0031-S_1.png,Vivax,1709041080,1709041080-0031-S_1.png,test
C:\Users\laura\OneDrive\Documenti\UNIVCA\TERZO ANNO\TIROCINIO\MP-IDB-The-Malaria-Parasite-Image-Database-for-Image-Processing-and-Analysis\Vivax\crops\S\1709041080-0032-S_1.png,Vivax,1709041080,1709041080-0032-S_1.png,test
C:\Users\laura\OneDrive\Documenti\UNIVCA\TERZO ANNO\TIROCINIO\MP-IDB-The-Malaria-Parasite-Image-Database-for-Image-Processing-and-Analysis\Vivax\crops\S\1709041080-0033-S_1.png,Vivax,1709041080,1709041080-0033-S_1.png,test
C:\Users\laura\OneDrive\Documenti\UNIVCA\TERZO ANNO\TIROCINIO\MP-IDB-The-Malaria-Parasite-Image-Database-for-Image-Processing-and-Analysis\Vivax\crops\R\1709041080-0034-R_1.png,Vivax,1709041080,1709041080-0034-R_1.png,test
C:\Users\laura\OneDrive\Documenti\UNIVCA\TERZO ANNO\TIROCINIO\MP-IDB-The-Malaria-Parasite-Image-Database-for-Image-Processing-and-Analysis\Vivax\crops\S\1709041080-0035-S_1.png,Vivax,1709041080,1709041080-0035-S_1.png,test
C:\Users\laura\OneDrive\Documenti\UNIVCA\TERZO ANNO\TIROCINIO\MP-IDB-The-Malaria-Parasite-Image-Database-for-Image-Processing-and-Analysis\Vivax\crops\R\1709041080-0036-S_R_2.png,Vivax,1709041080,1709041080-0036-S_R_2.png,test
C:\Users\laura\OneDrive\Documenti\UNIVCA\TERZO ANNO\TIROCINIO\MP-IDB-The-Malaria-Parasite-Image-Database-for-Image-Processing-and-Analysis\Vivax\crops\S\1709041080-0037-S_1.png,Vivax,1709041080,1709041080-0037-S_1.png,test
C:\Users\laura\OneDrive\Documenti\UNIVCA\TERZO ANNO\TIROCINIO\MP-IDB-The-Malaria-Parasite-Image-Database-for-Image-Processing-and-Analysis\Vivax\crops\S\1709041080-0038-S_1.png,Vivax,1709041080,1709041080-0038-S_1.png,test
C:\Users\laura\OneDrive\Documenti\UNIVCA\TERZO ANNO\TIROCINIO\MP-IDB-The-Malaria-Parasite-Image-Database-for-Image-Processing-and-Analysis\Falciparum\crops\R\1305121398-0001-R_S_0.png,Falciparum,1305121398,1305121398-0001-R_S_0.png,train
C:\Users\laura\OneDrive\Documenti\UNIVCA\TERZO ANNO\TIROCINIO\MP-IDB-The-Malaria-Parasite-Image-Database-for-Image-Processing-and-Analysis\Falciparum\crops\R\1305121398-0003-R_0.png,Falciparum,1305121398,1305121398-0003-R_0.png,train
C:\Users\laura\OneDrive\Documenti\UNIVCA\TERZO ANNO\TIROCINIO\MP-IDB-The-Malaria-Parasite-Image-Database-for-Image-Processing-and-Analysis\Falciparum\crops\R\1305121398-0004-R_0.png,Falciparum,1305121398,1305121398-0004-R_0.png,train
C:\Users\laura\OneDrive\Documenti\UNIVCA\TERZO ANNO\TIROCINIO\MP-IDB-The-Malaria-Parasite-Image-Database-for-Image-Processing-and-Analysis\Falciparum\crops\T\1305121398-0005-T_0.png,Falciparum,1305121398,1305121398-0005-T_0.png,train
C:\Users\laura\OneDrive\Documenti\UNIVCA\TERZO ANNO\TIROCINIO\MP-IDB-The-Malaria-Parasite-Image-Database-for-Image-Processing-and-Analysis\Falciparum\crops\R\1305121398-0006-R_0.png,Falciparum,1305121398,1305121398-0006-R_0.png,train
C:\Users\laura\OneDrive\Documenti\UNIVCA\TERZO ANNO\TIROCINIO\MP-IDB-The-Malaria-Parasite-Image-Database-for-Image-Processing-and-Analysis\Falciparum\crops\R\1305121398-0007-R_0.png,Falciparum,1305121398,1305121398-0007-R_0.png,train
C:\Users\laura\OneDrive\Documenti\UNIVCA\TERZO ANNO\TIROCINIO\MP-IDB-The-Malaria-Parasite-Image-Database-for-Image-Processing-and-Analysis\Falciparum\crops\R\1305121398-0008-R_0.png,Falciparum,1305121398,1305121398-0008-R_0.png,train
C:\Users\laura\OneDrive\Documenti\UNIVCA\TERZO ANNO\TIROCINIO\MP-IDB-The-Malaria-Parasite-Image-Database-for-Image-Processing-and-Analysis\Falciparum\crops\S\1305121398-0010-S_0.png,Falciparum,1305121398,1305121398-0010-S_0.png,train
C:\Users\laura\OneDrive\Documenti\UNIVCA\TERZO ANNO\TIROCINIO\MP-IDB-The-Malaria-Parasite-Image-Database-for-Image-Processing-and-Analysis\Falciparum\crops\S\1305121398-0011-S_0.png,Falciparum,1305121398,1305121398-0011-S_0.png,train
C:\Users\laura\OneDrive\Documenti\UNIVCA\TERZO ANNO\TIROCINIO\MP-IDB-The-Malaria-Parasite-Image-Database-for-Image-Processing-and-Analysis\Falciparum\crops\S\1305121398-0012-S_0.png,Falciparum,1305121398,1305121398-0012-S_0.png,train
C:\Users\laura\OneDrive\Documenti\UNIVCA\TERZO ANNO\TIROCINIO\MP-IDB-The-Malaria-Parasite-Image-Database-for-Image-Processing-and-Analysis\Falciparum\crops\S\1305121398-0013-S_0.png,Falciparum,1305121398,1305121398-0013-S_0.png,train
C:\Users\laura\OneDrive\Documenti\UNIVCA\TERZO ANNO\TIROCINIO\MP-IDB-The-Malaria-Parasite-Image-Database-for-Image-Processing-and-Analysis\Falciparum\crops\S\1305121398-0014-S_0.png,Falciparum,1305121398,1305121398-0014-S_0.png,train
C:\Users\laura\OneDrive\Documenti\UNIVCA\TERZO ANNO\TIROCINIO\MP-IDB-The-Malaria-Parasite-Image-Database-for-Image-Processing-and-Analysis\Falciparum\crops\S\1305121398-0015-S_0.png,Falciparum,1305121398,1305121398-0015-S_0.png,train
C:\Users\laura\OneDrive\Documenti\UNIVCA\TERZO ANNO\TIROCINIO\MP-IDB-The-Malaria-Parasite-Image-Database-for-Image-Processing-and-Analysis\Falciparum\crops\S\1305121398-0016-S_0.png,Falciparum,1305121398,1305121398-0016-S_0.png,train
C:\Users\laura\OneDrive\Documenti\UNIVCA\TERZO ANNO\TIROCINIO\MP-IDB-The-Malaria-Parasite-Image-Database-for-Image-Processing-and-Analysis\Falciparum\crops\R\1305121398-0017-R_0.png,Falciparum,1305121398,1305121398-0017-R_0.png,train
C:\Users\laura\OneDrive\Documenti\UNIVCA\TERZO ANNO\TIROCINIO\MP-IDB-The-Malaria-Parasite-Image-Database-for-Image-Processing-and-Analysis\Falciparum\crops\S\1305121398-0018-S_0.png,Falciparum,1305121398,1305121398-0018-S_0.png,train
C:\Users\laura\OneDrive\Documenti\UNIVCA\TERZO ANNO\TIROCINIO\MP-IDB-The-Malaria-Parasite-Image-Database-for-Image-Processing-and-Analysis\Falciparum\crops\R\1305121398-0019-R_0.png,Falciparum,1305121398,1305121398-0019-R_0.png,train
C:\Users\laura\OneDrive\Documenti\UNIVCA\TERZO ANNO\TIROCINIO\MP-IDB-The-Malaria-Parasite-Image-Database-for-Image-Processing-and-Analysis\Falciparum\crops\S\1305121398-0020-S_0.png,Falciparum,1305121398,1305121398-0020-S_0.png,train
C:\Users\laura\OneDrive\Documenti\UNIVCA\TERZO ANNO\TIROCINIO\MP-IDB-The-Malaria-Parasite-Image-Database-for-Image-Processing-and-Analysis\Falciparum\crops\S\1305121398-0021-S_0.png,Falciparum,1305121398,1305121398-0021-S_0.png,train
C:\Users\laura\OneDrive\Documenti\UNIVCA\TERZO ANNO\TIROCINIO\MP-IDB-The-Malaria-Parasite-Image-Database-for-Image-Processing-and-Analysis\Falciparum\crops\S\1305121398-0022-S_0.png,Falciparum,1305121398,1305121398-0022-S_0.png,train
C:\Users\laura\OneDrive\Documenti\UNIVCA\TERZO ANNO\TIROCINIO\MP-IDB-The-Malaria-Parasite-Image-Database-for-Image-Processing-and-Analysis\Falciparum\crops\R\1307210661-0001-R_0.png,Falciparum,1307210661,1307210661-0001-R_0.png,train
C:\Users\laura\OneDrive\Documenti\UNIVCA\TERZO ANNO\TIROCINIO\MP-IDB-The-Malaria-Parasite-Image-Database-for-Image-Processing-and-Analysis\Falciparum\crops\R\1307210661-0002-R_0.png,Falciparum,1307210661,1307210661-0002-R_0.png,train
C:\Users\laura\OneDrive\Documenti\UNIVCA\TERZO ANNO\TIROCINIO\MP-IDB-The-Malaria-Parasite-Image-Database-for-Image-Processing-and-Analysis\Falciparum\crops\R\1307210661-0003-R_0.png,Falciparum,1307210661,1307210661-0003-R_0.png,train
C:\Users\laura\OneDrive\Documenti\UNIVCA\TERZO ANNO\TIROCINIO\MP-IDB-The-Malaria-Parasite-Image-Database-for-Image-Processing-and-Analysis\Falciparum\crops\R\1307210661-0004-R_0.png,Falciparum,1307210661,1307210661-0004-R_0.png,train
C:\Users\laura\OneDrive\Documenti\UNIVCA\TERZO ANNO\TIROCINIO\MP-IDB-The-Malaria-Parasite-Image-Database-for-Image-Processing-and-Analysis\Falciparum\crops\R\1307210661-0005-R_0.png,Falciparum,1307210661,1307210661-0005-R_0.png,train
C:\Users\laura\OneDrive\Documenti\UNIVCA\TERZO ANNO\TIROCINIO\MP-IDB-The-Malaria-Parasite-Image-Database-for-Image-Processing-and-Analysis\Falciparum\crops\R\1307210661-0006-R_0.png,Falciparum,1307210661,1307210661-0006-R_0.png,train
C:\Users\laura\OneDrive\Documenti\UNIVCA\TERZO ANNO\TIROCINIO\MP-IDB-The-Malaria-Parasite-Image-Database-for-Image-Processing-and-Analysis\Falciparum\crops\R\1307210661-0007-R_0.png,Falciparum,1307210661,1307210661-0007-R_0.png,train
C:\Users\laura\OneDrive\Documenti\UNIVCA\TERZO ANNO\TIROCINIO\MP-IDB-The-Malaria-Parasite-Image-Database-for-Image-Processing-and-Analysis\Falciparum\crops\R\1307210661-0008-R_0.png,Falciparum,1307210661,1307210661-0008-R_0.png,train
C:\Users\laura\OneDrive\Documenti\UNIVCA\TERZO ANNO\TIROCINIO\MP-IDB-The-Malaria-Parasite-Image-Database-for-Image-Processing-and-Analysis\Falciparum\crops\R\1307210661-0009-R_0.png,Falciparum,1307210661,1307210661-0009-R_0.png,train
C:\Users\laura\OneDrive\Documenti\UNIVCA\TERZO ANNO\TIROCINIO\MP-IDB-The-Malaria-Parasite-Image-Database-for-Image-Processing-and-Analysis\Falciparum\crops\R\1307210661-0010-R_0.png,Falciparum,1307210661,1307210661-0010-R_0.png,train
C:\Users\laura\OneDrive\Documenti\UNIVCA\TERZO ANNO\TIROCINIO\MP-IDB-The-Malaria-Parasite-Image-Database-for-Image-Processing-and-Analysis\Falciparum\crops\R\1405022890-0001-R_0.png,Falciparum,1405022890,1405022890-0001-R_0.png,train
C:\Users\laura\OneDrive\Documenti\UNIVCA\TERZO ANNO\TIROCINIO\MP-IDB-The-Malaria-Parasite-Image-Database-for-Image-Processing-and-Analysis\Falciparum\crops\R\1405022890-0002-R_0.png,Falciparum,1405022890,1405022890-0002-R_0.png,train
C:\Users\laura\OneDrive\Documenti\UNIVCA\TERZO ANNO\TIROCINIO\MP-IDB-The-Malaria-Parasite-Image-Database-for-Image-Processing-and-Analysis\Falciparum\crops\R\1405022890-0003-R_0.png,Falciparum,1405022890,1405022890-0003-R_0.png,train
C:\Users\laura\OneDrive\Documenti\UNIVCA\TERZO ANNO\TIROCINIO\MP-IDB-The-Malaria-Parasite-Image-Database-for-Image-Processing-and-Analysis\Falciparum\crops\R\1405022890-0004-R_0.png,Falciparum,1405022890,1405022890-0004-R_0.png,train
C:\Users\laura\OneDrive\Documenti\UNIVCA\TERZO ANNO\TIROCINIO\MP-IDB-The-Malaria-Parasite-Image-Database-for-Image-Processing-and-Analysis\Falciparum\crops\R\1405022890-0005-R_0.png,Falciparum,1405022890,1405022890-0005-R_0.png,train
C:\Users\laura\OneDrive\Documenti\UNIVCA\TERZO ANNO\TIROCINIO\MP-IDB-The-Malaria-Parasite-Image-Database-for-Image-Processing-and-Analysis\Falciparum\crops\R\1405022890-0006-R_0.png,Falciparum,1405022890,1405022890-0006-R_0.png,train
C:\Users\laura\OneDrive\Documenti\UNIVCA\TERZO ANNO\TIROCINIO\MP-IDB-The-Malaria-Parasite-Image-Database-for-Image-Processing-and-Analysis\Falciparum\crops\R\1408161544-0001-S_R_1.png,Falciparum,1408161544,1408161544-0001-S_R_1.png,train
C:\Users\laura\OneDrive\Documenti\UNIVCA\TERZO ANNO\TIROCINIO\MP-IDB-The-Malaria-Parasite-Image-Database-for-Image-Processing-and-Analysis\Falciparum\crops\R\1408161544-0002-R_S_0.png,Falciparum,1408161544,1408161544-0002-R_S_0.png,train
C:\Users\laura\OneDrive\Documenti\UNIVCA\TERZO ANNO\TIROCINIO\MP-IDB-The-Malaria-Parasite-Image-Database-for-Image-Processing-and-Analysis\Falciparum\crops\R\1408161544-0003-R_S_0.png,Falciparum,1408161544,1408161544-0003-R_S_0.png,train
C:\Users\laura\OneDrive\Documenti\UNIVCA\TERZO ANNO\TIROCINIO\MP-IDB-The-Malaria-Parasite-Image-Database-for-Image-Processing-and-Analysis\Falciparum\crops\R\1408290968-0001-R_0.png,Falciparum,1408290968,1408290968-0001-R_0.png,train
C:\Users\laura\OneDrive\Documenti\UNIVCA\TERZO ANNO\TIROCINIO\MP-IDB-The-Malaria-Parasite-Image-Database-for-Image-Processing-and-Analysis\Falciparum\crops\R\1408290968-0002-R_0.png,Falciparum,1408290968,1408290968-0002-R_0.png,train
C:\Users\laura\OneDrive\Documenti\UNIVCA\TERZO ANNO\TIROCINIO\MP-IDB-The-Malaria-Parasite-Image-Database-for-Image-Processing-and-Analysis\Falciparum\crops\R\1408290968-0003-R_0.png,Falciparum,1408290968,1408290968-0003-R_0.png,train
C:\Users\laura\OneDrive\Documenti\UNIVCA\TERZO ANNO\TIROCINIO\MP-IDB-The-Malaria-Parasite-Image-Database-for-Image-Processing-and-Analysis\Falciparum\crops\G\1603223711-0001-G_0.png,Falciparum,1603223711,1603223711-0001-G_0.png,train
C:\Users\laura\OneDrive\Documenti\UNIVCA\TERZO ANNO\TIROCINIO\MP-IDB-The-Malaria-Parasite-Image-Database-for-Image-Processing-and-Analysis\Falciparum\crops\G\1603223711-0002-T_G_1.png,Falciparum,1603223711,1603223711-0002-T_G_1.png,train
C:\Users\laura\OneDrive\Documenti\UNIVCA\TERZO ANNO\TIROCINIO\MP-IDB-The-Malaria-Parasite-Image-Database-for-Image-Processing-and-Analysis\Falciparum\crops\G\1603223711-0003-G_R_0.png,Falciparum,1603223711,1603223711-0003-G_R_0.png,train
C:\Users\laura\OneDrive\Documenti\UNIVCA\TERZO ANNO\TIROCINIO\MP-IDB-The-Malaria-Parasite-Image-Database-for-Image-Processing-and-Analysis\Falciparum\crops\R\1603223711-0004-R_0.png,Falciparum,1603223711,1603223711-0004-R_0.png,train
C:\Users\laura\OneDrive\Documenti\UNIVCA\TERZO ANNO\TIROCINIO\MP-IDB-The-Malaria-Parasite-Image-Database-for-Image-Processing-and-Analysis\Falciparum\crops\G\1603223711-0005-G_0.png,Falciparum,1603223711,1603223711-0005-G_0.png,train
C:\Users\laura\OneDrive\Documenti\UNIVCA\TERZO ANNO\TIROCINIO\MP-IDB-The-Malaria-Parasite-Image-Database-for-Image-Processing-and-Analysis\Falciparum\crops\G\1603223711-0006-G_0.png,Falciparum,1603223711,1603223711-0006-G_0.png,train
C:\Users\laura\OneDrive\Documenti\UNIVCA\TERZO ANNO\TIROCINIO\MP-IDB-The-Malaria-Parasite-Image-Database-for-Image-Processing-and-Analysis\Falciparum\crops\R\1701151546-0001-R_T_S_0.png,Falciparum,1701151546,1701151546-0001-R_T_S_0.png,train
C:\Users\laura\OneDrive\Documenti\UNIVCA\TERZO ANNO\TIROCINIO\MP-IDB-The-Malaria-Parasite-Image-Database-for-Image-Processing-and-Analysis\Falciparum\crops\R\1701151546-0002-R_0.png,Falciparum,1701151546,1701151546-0002-R_0.png,train
C:\Users\laura\OneDrive\Documenti\UNIVCA\TERZO ANNO\TIROCINIO\MP-IDB-The-Malaria-Parasite-Image-Database-for-Image-Processing-and-Analysis\Falciparum\crops\R\1701151546-0003-R_0.png,Falciparum,1701151546,1701151546-0003-R_0.png,train
C:\Users\laura\OneDrive\Documenti\UNIVCA\TERZO ANNO\TIROCINIO\MP-IDB-The-Malaria-Parasite-Image-Database-for-Image-Processing-and-Analysis\Falciparum\crops\R\1701151546-0004-R_T_0.png,Falciparum,1701151546,1701151546-0004-R_T_0.png,train
C:\Users\laura\OneDrive\Documenti\UNIVCA\TERZO ANNO\TIROCINIO\MP-IDB-The-Malaria-Parasite-Image-Database-for-Image-Processing-and-Analysis\Falciparum\crops\R\1701151546-0005-R_0.png,Falciparum,1701151546,1701151546-0005-R_0.png,train
C:\Users\laura\OneDrive\Documenti\UNIVCA\TERZO ANNO\TIROCINIO\MP-IDB-The-Malaria-Parasite-Image-Database-for-Image-Processing-and-Analysis\Falciparum\crops\R\1701151546-0006-R_T_0.png,Falciparum,1701151546,1701151546-0006-R_T_0.png,train
C:\Users\laura\OneDrive\Documenti\UNIVCA\TERZO ANNO\TIROCINIO\MP-IDB-The-Malaria-Parasite-Image-Database-for-Image-Processing-and-Analysis\Falciparum\crops\R\1701151546-0007-R_0.png,Falciparum,1701151546,1701151546-0007-R_0.png,train
C:\Users\laura\OneDrive\Documenti\UNIVCA\TERZO ANNO\TIROCINIO\MP-IDB-The-Malaria-Parasite-Image-Database-for-Image-Processing-and-Analysis\Falciparum\crops\R\1701151546-0008-R-T_0.png,Falciparum,1701151546,1701151546-0008-R-T_0.png,train
C:\Users\laura\OneDrive\Documenti\UNIVCA\TERZO ANNO\TIROCINIO\MP-IDB-The-Malaria-Parasite-Image-Database-for-Image-Processing-and-Analysis\Falciparum\crops\R\1701151546-0009-R_0.png,Falciparum,1701151546,1701151546-0009-R_0.png,train
C:\Users\laura\OneDrive\Documenti\UNIVCA\TERZO ANNO\TIROCINIO\MP-IDB-The-Malaria-Parasite-Image-Database-for-Image-Processing-and-Analysis\Falciparum\crops\R\1701151546-0010-R_0.png,Falciparum,1701151546,1701151546-0010-R_0.png,train
C:\Users\laura\OneDrive\Documenti\UNIVCA\TERZO ANNO\TIROCINIO\MP-IDB-The-Malaria-Parasite-Image-Database-for-Image-Processing-and-Analysis\Falciparum\crops\R\1701151546-0011-R_T_0.png,Falciparum,1701151546,1701151546-0011-R_T_0.png,train
C:\Users\laura\OneDrive\Documenti\UNIVCA\TERZO ANNO\TIROCINIO\MP-IDB-The-Malaria-Parasite-Image-Database-for-Image-Processing-and-Analysis\Falciparum\crops\R\1701151546-0012-R_0.png,Falciparum,1701151546,1701151546-0012-R_0.png,train
C:\Users\laura\OneDrive\Documenti\UNIVCA\TERZO ANNO\TIROCINIO\MP-IDB-The-Malaria-Parasite-Image-Database-for-Image-Processing-and-Analysis\Falciparum\crops\R\1701151546-0013-R_T_0.png,Falciparum,1701151546,1701151546-0013-R_T_0.png,train
C:\Users\laura\OneDrive\Documenti\UNIVCA\TERZO ANNO\TIROCINIO\MP-IDB-The-Malaria-Parasite-Image-Database-for-Image-Processing-and-Analysis\Falciparum\crops\R\1701151546-0014-R_0.png,Falciparum,1701151546,1701151546-0014-R_0.png,train
C:\Users\laura\OneDrive\Documenti\UNIVCA\TERZO ANNO\TIROCINIO\MP-IDB-The-Malaria-Parasite-Image-Database-for-Image-Processing-and-Analysis\Falciparum\crops\R\1701151546-0015-R_T_0.png,Falciparum,1701151546,1701151546-0015-R_T_0.png,train
C:\Users\laura\OneDrive\Documenti\UNIVCA\TERZO ANNO\TIROCINIO\MP-IDB-The-Malaria-Parasite-Image-Database-for-Image-Processing-and-Analysis\Falciparum\crops\R\1704282807-0001-R_0.png,Falciparum,1704282807,1704282807-0001-R_0.png,train
C:\Users\laura\OneDrive\Documenti\UNIVCA\TERZO ANNO\TIROCINIO\MP-IDB-The-Malaria-Parasite-Image-Database-for-Image-Processing-and-Analysis\Falciparum\crops\R\1704282807-0002-R_0.png,Falciparum,1704282807,1704282807-0002-R_0.png,train
C:\Users\laura\OneDrive\Documenti\UNIVCA\TERZO ANNO\TIROCINIO\MP-IDB-The-Malaria-Parasite-Image-Database-for-Image-Processing-and-Analysis\Falciparum\crops\R\1704282807-0003-R_0.png,Falciparum,1704282807,1704282807-0003-R_0.png,train
C:\Users\laura\OneDrive\Documenti\UNIVCA\TERZO ANNO\TIROCINIO\MP-IDB-The-Malaria-Parasite-Image-Database-for-Image-Processing-and-Analysis\Falciparum\crops\R\1704282807-0004-R_T_0.png,Falciparum,1704282807,1704282807-0004-R_T_0.png,train
C:\Users\laura\OneDrive\Documenti\UNIVCA\TERZO ANNO\TIROCINIO\MP-IDB-The-Malaria-Parasite-Image-Database-for-Image-Processing-and-Analysis\Falciparum\crops\R\1704282807-0005-R_0.png,Falciparum,1704282807,1704282807-0005-R_0.png,train
C:\Users\laura\OneDrive\Documenti\UNIVCA\TERZO ANNO\TIROCINIO\MP-IDB-The-Malaria-Parasite-Image-Database-for-Image-Processing-and-Analysis\Falciparum\crops\R\1704282807-0006-R_0.png,Falciparum,1704282807,1704282807-0006-R_0.png,train
C:\Users\laura\OneDrive\Documenti\UNIVCA\TERZO ANNO\TIROCINIO\MP-IDB-The-Malaria-Parasite-Image-Database-for-Image-Processing-and-Analysis\Falciparum\crops\R\1704282807-0007-R_0.png,Falciparum,1704282807,1704282807-0007-R_0.png,train
C:\Users\laura\OneDrive\Documenti\UNIVCA\TERZO ANNO\TIROCINIO\MP-IDB-The-Malaria-Parasite-Image-Database-for-Image-Processing-and-Analysis\Falciparum\crops\R\1704282807-0008-R_0.png,Falciparum,1704282807,1704282807-0008-R_0.png,train
C:\Users\laura\OneDrive\Documenti\UNIVCA\TERZO ANNO\TIROCINIO\MP-IDB-The-Malaria-Parasite-Image-Database-for-Image-Processing-and-Analysis\Falciparum\crops\R\1704282807-0009-R_0.png,Falciparum,1704282807,1704282807-0009-R_0.png,train
C:\Users\laura\OneDrive\Documenti\UNIVCA\TERZO ANNO\TIROCINIO\MP-IDB-The-Malaria-Parasite-Image-Database-for-Image-Processing-and-Analysis\Falciparum\crops\R\1704282807-0010-R_0.png,Falciparum,1704282807,1704282807-0010-R_0.png,train
C:\Users\laura\OneDrive\Documenti\UNIVCA\TERZO ANNO\TIROCINIO\MP-IDB-The-Malaria-Parasite-Image-Database-for-Image-Processing-and-Analysis\Falciparum\crops\R\1704282807-0011-R_T_0.png,Falciparum,1704282807,1704282807-0011-R_T_0.png,train
C:\Users\laura\OneDrive\Documenti\UNIVCA\TERZO ANNO\TIROCINIO\MP-IDB-The-Malaria-Parasite-Image-Database-for-Image-Processing-and-Analysis\Falciparum\crops\R\1704282807-0012-R_T_0.png,Falciparum,1704282807,1704282807-0012-R_T_0.png,train
C:\Users\laura\OneDrive\Documenti\UNIVCA\TERZO ANNO\TIROCINIO\MP-IDB-The-Malaria-Parasite-Image-Database-for-Image-Processing-and-Analysis\Falciparum\crops\R\1704282807-0013-R_T_0.png,Falciparum,1704282807,1704282807-0013-R_T_0.png,train
C:\Users\laura\OneDrive\Documenti\UNIVCA\TERZO ANNO\TIROCINIO\MP-IDB-The-Malaria-Parasite-Image-Database-for-Image-Processing-and-Analysis\Falciparum\crops\R\1704282807-0014-R_0.png,Falciparum,1704282807,1704282807-0014-R_0.png,train
C:\Users\laura\OneDrive\Documenti\UNIVCA\TERZO ANNO\TIROCINIO\MP-IDB-The-Malaria-Parasite-Image-Database-for-Image-Processing-and-Analysis\Falciparum\crops\R\1704282807-0015-R_0.png,Falciparum,1704282807,1704282807-0015-R_0.png,train
C:\Users\laura\OneDrive\Documenti\UNIVCA\TERZO ANNO\TIROCINIO\MP-IDB-The-Malaria-Parasite-Image-Database-for-Image-Processing-and-Analysis\Falciparum\crops\R\1704282807-0016-R_0.png,Falciparum,1704282807,1704282807-0016-R_0.png,train
C:\Users\laura\OneDrive\Documenti\UNIVCA\TERZO ANNO\TIROCINIO\MP-IDB-The-Malaria-Parasite-Image-Database-for-Image-Processing-and-Analysis\Falciparum\crops\R\1704282807-0017-R_0.png,Falciparum,1704282807,1704282807-0017-R_0.png,train
C:\Users\laura\OneDrive\Documenti\UNIVCA\TERZO ANNO\TIROCINIO\MP-IDB-The-Malaria-Parasite-Image-Database-for-Image-Processing-and-Analysis\Falciparum\crops\R\1704282807-0018-R_0.png,Falciparum,1704282807,1704282807-0018-R_0.png,train
C:\Users\laura\OneDrive\Documenti\UNIVCA\TERZO ANNO\TIROCINIO\MP-IDB-The-Malaria-Parasite-Image-Database-for-Image-Processing-and-Analysis\Falciparum\crops\G\1704282807-0019-R_G_17.png,Falciparum,1704282807,1704282807-0019-R_G_17.png,train
C:\Users\laura\OneDrive\Documenti\UNIVCA\TERZO ANNO\TIROCINIO\MP-IDB-The-Malaria-Parasite-Image-Database-for-Image-Processing-and-Analysis\Falciparum\crops\R\1704282807-0020-R_T_S_0.png,Falciparum,1704282807,1704282807-0020-R_T_S_0.png,train
C:\Users\laura\OneDrive\Documenti\UNIVCA\TERZO ANNO\TIROCINIO\MP-IDB-The-Malaria-Parasite-Image-Database-for-Image-Processing-and-Analysis\Falciparum\crops\G\1704282807-0021-T_G_R_5.png,Falciparum,1704282807,1704282807-0021-T_G_R_5.png,train
C:\Users\laura\OneDrive\Documenti\UNIVCA\TERZO ANNO\TIROCINIO\MP-IDB-The-Malaria-Parasite-Image-Database-for-Image-Processing-and-Analysis\Malariae\crops\G\1312132815-0001-G_diag.png,Malariae,1312132815,1312132815-0001-G_diag.png,train
C:\Users\laura\OneDrive\Documenti\UNIVCA\TERZO ANNO\TIROCINIO\MP-IDB-The-Malaria-Parasite-Image-Database-for-Image-Processing-and-Analysis\Malariae\crops\T\1312132815-0002-T_diag.png,Malariae,1312132815,1312132815-0002-T_diag.png,train
C:\Users\laura\OneDrive\Documenti\UNIVCA\TERZO ANNO\TIROCINIO\MP-IDB-The-Malaria-Parasite-Image-Database-for-Image-Processing-and-Analysis\Malariae\crops\G\1312132815-0003-G_diag.png,Malariae,1312132815,1312132815-0003-G_diag.png,train
C:\Users\laura\OneDrive\Documenti\UNIVCA\TERZO ANNO\TIROCINIO\MP-IDB-The-Malaria-Parasite-Image-Database-for-Image-Processing-and-Analysis\Malariae\crops\G\1312132815-0004-G_diag.png,Malariae,1312132815,1312132815-0004-G_diag.png,train
C:\Users\laura\OneDrive\Documenti\UNIVCA\TERZO ANNO\TIROCINIO\MP-IDB-The-Malaria-Parasite-Image-Database-for-Image-Processing-and-Analysis\Malariae\crops\G\1312132815-0005-G_diag.png,Malariae,1312132815,1312132815-0005-G_diag.png,train
C:\Users\laura\OneDrive\Documenti\UNIVCA\TERZO ANNO\TIROCINIO\MP-IDB-The-Malaria-Parasite-Image-Database-for-Image-Processing-and-Analysis\Malariae\crops\G\1312132815-0008-G_diag.png,Malariae,1312132815,1312132815-0008-G_diag.png,train
C:\Users\laura\OneDrive\Documenti\UNIVCA\TERZO ANNO\TIROCINIO\MP-IDB-The-Malaria-Parasite-Image-Database-for-Image-Processing-and-Analysis\Malariae\crops\G\1312132815-0009-G_diag.png,Malariae,1312132815,1312132815-0009-G_diag.png,train
C:\Users\laura\OneDrive\Documenti\UNIVCA\TERZO ANNO\TIROCINIO\MP-IDB-The-Malaria-Parasite-Image-Database-for-Image-Processing-and-Analysis\Malariae\crops\T\1312132815-0010-T_diag.png,Malariae,1312132815,1312132815-0010-T_diag.png,train
C:\Users\laura\OneDrive\Documenti\UNIVCA\TERZO ANNO\TIROCINIO\MP-IDB-The-Malaria-Parasite-Image-Database-for-Image-Processing-and-Analysis\Malariae\crops\S\1312132815-0011-S_diag.png,Malariae,1312132815,1312132815-0011-S_diag.png,train
C:\Users\laura\OneDrive\Documenti\UNIVCA\TERZO ANNO\TIROCINIO\MP-IDB-The-Malaria-Parasite-Image-Database-for-Image-Processing-and-Analysis\Malariae\crops\S\1312132815-0012-S_diag.png,Malariae,1312132815,1312132815-0012-S_diag.png,train
C:\Users\laura\OneDrive\Documenti\UNIVCA\TERZO ANNO\TIROCINIO\MP-IDB-The-Malaria-Parasite-Image-Database-for-Image-Processing-and-Analysis\Malariae\crops\S\1312132815-0013-S_diag.png,Malariae,1312132815,1312132815-0013-S_diag.png,train
C:\Users\laura\OneDrive\Documenti\UNIVCA\TERZO ANNO\TIROCINIO\MP-IDB-The-Malaria-Parasite-Image-Database-for-Image-Processing-and-Analysis\Malariae\crops\S\1312132815-0014-S_diag.png,Malariae,1312132815,1312132815-0014-S_diag.png,train
C:\Users\laura\OneDrive\Documenti\UNIVCA\TERZO ANNO\TIROCINIO\MP-IDB-The-Malaria-Parasite-Image-Database-for-Image-Processing-and-Analysis\Malariae\crops\S\1312132815-0015-S_diag.png,Malariae,1312132815,1312132815-0015-S_diag.png,train
C:\Users\laura\OneDrive\Documenti\UNIVCA\TERZO ANNO\TIROCINIO\MP-IDB-The-Malaria-Parasite-Image-Database-for-Image-Processing-and-Analysis\Malariae\crops\T\1312132815-0016-T_diag.png,Malariae,1312132815,1312132815-0016-T_diag.png,train
C:\Users\laura\OneDrive\Documenti\UNIVCA\TERZO ANNO\TIROCINIO\MP-IDB-The-Malaria-Parasite-Image-Database-for-Image-Processing-and-Analysis\Malariae\crops\T\1312132815-0017-T_diag.png,Malariae,1312132815,1312132815-0017-T_diag.png,train
C:\Users\laura\OneDrive\Documenti\UNIVCA\TERZO ANNO\TIROCINIO\MP-IDB-The-Malaria-Parasite-Image-Database-for-Image-Processing-and-Analysis\Malariae\crops\S\1401063467-0001-S_diag.png,Malariae,1401063467,1401063467-0001-S_diag.png,train
C:\Users\laura\OneDrive\Documenti\UNIVCA\TERZO ANNO\TIROCINIO\MP-IDB-The-Malaria-Parasite-Image-Database-for-Image-Processing-and-Analysis\Malariae\crops\T\1401063467-0002-T_diag.png,Malariae,1401063467,1401063467-0002-T_diag.png,train
C:\Users\laura\OneDrive\Documenti\UNIVCA\TERZO ANNO\TIROCINIO\MP-IDB-The-Malaria-Parasite-Image-Database-for-Image-Processing-and-Analysis\Malariae\crops\T\1401063467-0003-T_diag.png,Malariae,1401063467,1401063467-0003-T_diag.png,train
C:\Users\laura\OneDrive\Documenti\UNIVCA\TERZO ANNO\TIROCINIO\MP-IDB-The-Malaria-Parasite-Image-Database-for-Image-Processing-and-Analysis\Malariae\crops\R\1401063467-0004-R_T_diag.png,Malariae,1401063467,1401063467-0004-R_T_diag.png,train
C:\Users\laura\OneDrive\Documenti\UNIVCA\TERZO ANNO\TIROCINIO\MP-IDB-The-Malaria-Parasite-Image-Database-for-Image-Processing-and-Analysis\Malariae\crops\T\1401063467-0005-T_diag.png,Malariae,1401063467,1401063467-0005-T_diag.png,train
C:\Users\laura\OneDrive\Documenti\UNIVCA\TERZO ANNO\TIROCINIO\MP-IDB-The-Malaria-Parasite-Image-Database-for-Image-Processing-and-Analysis\Malariae\crops\T\1401063467-0006-T_diag.png,Malariae,1401063467,1401063467-0006-T_diag.png,train
C:\Users\laura\OneDrive\Documenti\UNIVCA\TERZO ANNO\TIROCINIO\MP-IDB-The-Malaria-Parasite-Image-Database-for-Image-Processing-and-Analysis\Malariae\crops\S\1401063467-0007-S_diag.png,Malariae,1401063467,1401063467-0007-S_diag.png,train
C:\Users\laura\OneDrive\Documenti\UNIVCA\TERZO ANNO\TIROCINIO\MP-IDB-The-Malaria-Parasite-Image-Database-for-Image-Processing-and-Analysis\Malariae\crops\S\1401063467-0008-S_diag.png,Malariae,1401063467,1401063467-0008-S_diag.png,train
C:\Users\laura\OneDrive\Documenti\UNIVCA\TERZO ANNO\TIROCINIO\MP-IDB-The-Malaria-Parasite-Image-Database-for-Image-Processing-and-Analysis\Malariae\crops\T\1401063467-0009-T_diag.png,Malariae,1401063467,1401063467-0009-T_diag.png,train
C:\Users\laura\OneDrive\Documenti\UNIVCA\TERZO ANNO\TIROCINIO\MP-IDB-The-Malaria-Parasite-Image-Database-for-Image-Processing-and-Analysis\Malariae\crops\T\1401063467-0010-T_diag.png,Malariae,1401063467,1401063467-0010-T_diag.png,train
C:\Users\laura\OneDrive\Documenti\UNIVCA\TERZO ANNO\TIROCINIO\MP-IDB-The-Malaria-Parasite-Image-Database-for-Image-Processing-and-Analysis\Malariae\crops\G\1401063467-0011-G_diag.png,Malariae,1401063467,1401063467-0011-G_diag.png,train
C:\Users\laura\OneDrive\Documenti\UNIVCA\TERZO ANNO\TIROCINIO\MP-IDB-The-Malaria-Parasite-Image-Database-for-Image-Processing-and-Analysis\Malariae\crops\S\1401063467-0012-S_diag.png,Malariae,1401063467,1401063467-0012-S_diag.png,train
C:\Users\laura\OneDrive\Documenti\UNIVCA\TERZO ANNO\TIROCINIO\MP-IDB-The-Malaria-Parasite-Image-Database-for-Image-Processing-and-Analysis\Malariae\crops\T\1401063467-0013-T_diag.png,Malariae,1401063467,1401063467-0013-T_diag.png,train
C:\Users\laura\OneDrive\Documenti\UNIVCA\TERZO ANNO\TIROCINIO\MP-IDB-The-Malaria-Parasite-Image-Database-for-Image-Processing-and-Analysis\Ovale\crops\G\1707180816-0001-G_R_diag.png,Ovale,1707180816,1707180816-0001-G_R_diag.png,train
C:\Users\laura\OneDrive\Documenti\UNIVCA\TERZO ANNO\TIROCINIO\MP-IDB-The-Malaria-Parasite-Image-Database-for-Image-Processing-and-Analysis\Ovale\crops\T\1707180816-0002-T_diag.png,Ovale,1707180816,1707180816-0002-T_diag.png,train
C:\Users\laura\OneDrive\Documenti\UNIVCA\TERZO ANNO\TIROCINIO\MP-IDB-The-Malaria-Parasite-Image-Database-for-Image-Processing-and-Analysis\Ovale\crops\T\1707180816-0003-T_diag.png,Ovale,1707180816,1707180816-0003-T_diag.png,train
C:\Users\laura\OneDrive\Documenti\UNIVCA\TERZO ANNO\TIROCINIO\MP-IDB-The-Malaria-Parasite-Image-Database-for-Image-Processing-and-Analysis\Ovale\crops\R\1707180816-0004-R_diag.png,Ovale,1707180816,1707180816-0004-R_diag.png,train
C:\Users\laura\OneDrive\Documenti\UNIVCA\TERZO ANNO\TIROCINIO\MP-IDB-The-Malaria-Parasite-Image-Database-for-Image-Processing-and-Analysis\Ovale\crops\T\1707180816-0005-T_diag.png,Ovale,1707180816,1707180816-0005-T_diag.png,train
C:\Users\laura\OneDrive\Documenti\UNIVCA\TERZO ANNO\TIROCINIO\MP-IDB-The-Malaria-Parasite-Image-Database-for-Image-Processing-and-Analysis\Ovale\crops\T\1707180816-0006-T_diag.png,Ovale,1707180816,1707180816-0006-T_diag.png,train
C:\Users\laura\OneDrive\Documenti\UNIVCA\TERZO ANNO\TIROCINIO\MP-IDB-The-Malaria-Parasite-Image-Database-for-Image-Processing-and-Analysis\Ovale\crops\T\1707180816-0007-T_diag.png,Ovale,1707180816,1707180816-0007-T_diag.png,train
C:\Users\laura\OneDrive\Documenti\UNIVCA\TERZO ANNO\TIROCINIO\MP-IDB-The-Malaria-Parasite-Image-Database-for-Image-Processing-and-Analysis\Ovale\crops\G\1707180816-0008-G_diag.png,Ovale,1707180816,1707180816-0008-G_diag.png,train
C:\Users\laura\OneDrive\Documenti\UNIVCA\TERZO ANNO\TIROCINIO\MP-IDB-The-Malaria-Parasite-Image-Database-for-Image-Processing-and-Analysis\Ovale\crops\T\1707180816-0009-T_diag.png,Ovale,1707180816,1707180816-0009-T_diag.png,train
C:\Users\laura\OneDrive\Documenti\UNIVCA\TERZO ANNO\TIROCINIO\MP-IDB-The-Malaria-Parasite-Image-Database-for-Image-Processing-and-Analysis\Ovale\crops\T\1707180816-0010-T_diag.png,Ovale,1707180816,1707180816-0010-T_diag.png,train
C:\Users\laura\OneDrive\Documenti\UNIVCA\TERZO ANNO\TIROCINIO\MP-IDB-The-Malaria-Parasite-Image-Database-for-Image-Processing-and-Analysis\Ovale\crops\R\1707180816-0011-R_T_diag.png,Ovale,1707180816,1707180816-0011-R_T_diag.png,train
C:\Users\laura\OneDrive\Documenti\UNIVCA\TERZO ANNO\TIROCINIO\MP-IDB-The-Malaria-Parasite-Image-Database-for-Image-Processing-and-Analysis\Ovale\crops\R\1707180816-0012-T_R_diag.png,Ovale,1707180816,1707180816-0012-T_R_diag.png,train
C:\Users\laura\OneDrive\Documenti\UNIVCA\TERZO ANNO\TIROCINIO\MP-IDB-The-Malaria-Parasite-Image-Database-for-Image-Processing-and-Analysis\Ovale\crops\T\1707180816-0013-T_diag.png,Ovale,1707180816,1707180816-0013-T_diag.png,train
C:\Users\laura\OneDrive\Documenti\UNIVCA\TERZO ANNO\TIROCINIO\MP-IDB-The-Malaria-Parasite-Image-Database-for-Image-Processing-and-Analysis\Ovale\crops\T\1707180816-0015-T_diag.png,Ovale,1707180816,1707180816-0015-T_diag.png,train
C:\Users\laura\OneDrive\Documenti\UNIVCA\TERZO ANNO\TIROCINIO\MP-IDB-The-Malaria-Parasite-Image-Database-for-Image-Processing-and-Analysis\Ovale\crops\R\1707180816-0016-R_diag.png,Ovale,1707180816,1707180816-0016-R_diag.png,train
C:\Users\laura\OneDrive\Documenti\UNIVCA\TERZO ANNO\TIROCINIO\MP-IDB-The-Malaria-Parasite-Image-Database-for-Image-Processing-and-Analysis\Ovale\crops\G\1707180816-0017-G_diag.png,Ovale,1707180816,1707180816-0017-G_diag.png,train
C:\Users\laura\OneDrive\Documenti\UNIVCA\TERZO ANNO\TIROCINIO\MP-IDB-The-Malaria-Parasite-Image-Database-for-Image-Processing-and-Analysis\Ovale\crops\G\1707180816-0018-G_diag.png,Ovale,1707180816,1707180816-0018-G_diag.png,train
C:\Users\laura\OneDrive\Documenti\UNIVCA\TERZO ANNO\TIROCINIO\MP-IDB-The-Malaria-Parasite-Image-Database-for-Image-Processing-and-Analysis\Ovale\crops\S\1707180816-0019-S_diag.png,Ovale,1707180816,1707180816-0019-S_diag.png,train
C:\Users\laura\OneDrive\Documenti\UNIVCA\TERZO ANNO\TIROCINIO\MP-IDB-The-Malaria-Parasite-Image-Database-for-Image-Processing-and-Analysis\Ovale\crops\R\1707180816-0020-R_T_diag.png,Ovale,1707180816,1707180816-0020-R_T_diag.png,train
C:\Users\laura\OneDrive\Documenti\UNIVCA\TERZO ANNO\TIROCINIO\MP-IDB-The-Malaria-Parasite-Image-Database-for-Image-Processing-and-Analysis\Vivax\crops\G\1703121298-0001-G_R_1.png,Vivax,1703121298,1703121298-0001-G_R_1.png,train
C:\Users\laura\OneDrive\Documenti\UNIVCA\TERZO ANNO\TIROCINIO\MP-IDB-The-Malaria-Parasite-Image-Database-for-Image-Processing-and-Analysis\Vivax\crops\S\1703121298-0002-S_1.png,Vivax,1703121298,1703121298-0002-S_1.png,train
C:\Users\laura\OneDrive\Documenti\UNIVCA\TERZO ANNO\TIROCINIO\MP-IDB-The-Malaria-Parasite-Image-Database-for-Image-Processing-and-Analysis\Vivax\crops\R\1703121298-0003-R_1.png,Vivax,1703121298,1703121298-0003-R_1.png,train
C:\Users\laura\OneDrive\Documenti\UNIVCA\TERZO ANNO\TIROCINIO\MP-IDB-The-Malaria-Parasite-Image-Database-for-Image-Processing-and-Analysis\Vivax\crops\R\1703121298-0004-R_1.png,Vivax,1703121298,1703121298-0004-R_1.png,train
C:\Users\laura\OneDrive\Documenti\UNIVCA\TERZO ANNO\TIROCINIO\MP-IDB-The-Malaria-Parasite-Image-Database-for-Image-Processing-and-Analysis\Vivax\crops\R\1703121298-0005-R_1.png,Vivax,1703121298,1703121298-0005-R_1.png,train
C:\Users\laura\OneDrive\Documenti\UNIVCA\TERZO ANNO\TIROCINIO\MP-IDB-The-Malaria-Parasite-Image-Database-for-Image-Processing-and-Analysis\Vivax\crops\R\1703121298-0006-R_1.png,Vivax,1703121298,1703121298-0006-R_1.png,train
C:\Users\laura\OneDrive\Documenti\UNIVCA\TERZO ANNO\TIROCINIO\MP-IDB-The-Malaria-Parasite-Image-Database-for-Image-Processing-and-Analysis\Vivax\crops\R\1703121298-0007-R_1.png,Vivax,1703121298,1703121298-0007-R_1.png,train
C:\Users\laura\OneDrive\Documenti\UNIVCA\TERZO ANNO\TIROCINIO\MP-IDB-The-Malaria-Parasite-Image-Database-for-Image-Processing-and-Analysis\Vivax\crops\G\1703121298-0008-G_1.png,Vivax,1703121298,1703121298-0008-G_1.png,train
C:\Users\laura\OneDrive\Documenti\UNIVCA\TERZO ANNO\TIROCINIO\MP-IDB-The-Malaria-Parasite-Image-Database-for-Image-Processing-and-Analysis\Vivax\crops\R\1703121298-0009-R_1.png,Vivax,1703121298,1703121298-0009-R_1.png,train
C:\Users\laura\OneDrive\Documenti\UNIVCA\TERZO ANNO\TIROCINIO\MP-IDB-The-Malaria-Parasite-Image-Database-for-Image-Processing-and-Analysis\Vivax\crops\G\1703121298-0010-G_1.png,Vivax,1703121298,1703121298-0010-G_1.png,train
C:\Users\laura\OneDrive\Documenti\UNIVCA\TERZO ANNO\TIROCINIO\MP-IDB-The-Malaria-Parasite-Image-Database-for-Image-Processing-and-Analysis\Vivax\crops\R\1703121298-0011-R_1.png,Vivax,1703121298,1703121298-0011-R_1.png,train
C:\Users\laura\OneDrive\Documenti\UNIVCA\TERZO ANNO\TIROCINIO\MP-IDB-The-Malaria-Parasite-Image-Database-for-Image-Processing-and-Analysis\Vivax\crops\G\1703121298-0012-G_R_1.png,Vivax,1703121298,1703121298-0012-G_R_1.png,train
C:\Users\laura\OneDrive\Documenti\UNIVCA\TERZO ANNO\TIROCINIO\MP-IDB-The-Malaria-Parasite-Image-Database-for-Image-Processing-and-Analysis\Vivax\crops\R\1703121298-0015-R_1.png,Vivax,1703121298,1703121298-0015-R_1.png,train
C:\Users\laura\OneDrive\Documenti\UNIVCA\TERZO ANNO\TIROCINIO\MP-IDB-The-Malaria-Parasite-Image-Database-for-Image-Processing-and-Analysis\Vivax\crops\G\1703121298-0016-G_1.png,Vivax,1703121298,1703121298-0016-G_1.png,train
C:\Users\laura\OneDrive\Documenti\UNIVCA\TERZO ANNO\TIROCINIO\MP-IDB-The-Malaria-Parasite-Image-Database-for-Image-Processing-and-Analysis\Vivax\crops\R\1703121298-0017-R_1.png,Vivax,1703121298,1703121298-0017-R_1.png,train
