filepath,label,phase,group_id,filename
C:\Users\laura\OneDrive\Documenti\UNIVCA\TERZO ANNO\TIROCINIO\MP-IDB-The-Malaria-Parasite-Image-Database-for-Image-Processing-and-Analysis\Falciparum\crops\R\1307210661-0001-R_0.png,R,R,1307210661,1307210661-0001-R_0.png
C:\Users\laura\OneDrive\Documenti\UNIVCA\TERZO ANNO\TIROCINIO\MP-IDB-The-Malaria-Parasite-Image-Database-for-Image-Processing-and-Analysis\Falciparum\crops\R\1307210661-0002-R_0.png,R,R,1307210661,1307210661-0002-R_0.png
C:\Users\laura\OneDrive\Documenti\UNIVCA\TERZO ANNO\TIROCINIO\MP-IDB-The-Malaria-Parasite-Image-Database-for-Image-Processing-and-Analysis\Falciparum\crops\R\1307210661-0003-R_0.png,R,R,1307210661,1307210661-0003-R_0.png
C:\Users\laura\OneDrive\Documenti\UNIVCA\TERZO ANNO\TIROCINIO\MP-IDB-The-Malaria-Parasite-Image-Database-for-Image-Processing-and-Analysis\Falciparum\crops\R\1307210661-0004-R_0.png,R,R,1307210661,1307210661-0004-R_0.png
C:\Users\laura\OneDrive\Documenti\UNIVCA\TERZO ANNO\TIROCINIO\MP-IDB-The-Malaria-Parasite-Image-Database-for-Image-Processing-and-Analysis\Falciparum\crops\R\1307210661-0005-R_0.png,R,R,1307210661,1307210661-0005-R_0.png
C:\Users\laura\OneDrive\Documenti\UNIVCA\TERZO ANNO\TIROCINIO\MP-IDB-The-Malaria-Parasite-Image-Database-for-Image-Processing-and-Analysis\Falciparum\crops\R\1307210661-0006-R_0.png,R,R,1307210661,1307210661-0006-R_0.png
C:\Users\laura\OneDrive\Documenti\UNIVCA\TERZO ANNO\TIROCINIO\MP-IDB-The-Malaria-Parasite-Image-Database-for-Image-Processing-and-Analysis\Falciparum\crops\R\1307210661-0007-R_0.png,R,R,1307210661,1307210661-0007-R_0.png
C:\Users\laura\OneDrive\Documenti\UNIVCA\TERZO ANNO\TIROCINIO\MP-IDB-The-Malaria-Parasite-Image-Database-for-Image-Processing-and-Analysis\Falciparum\crops\R\1307210661-0008-R_0.png,R,R,1307210661,1307210661-0008-R_0.png
C:\Users\laura\OneDrive\Documenti\UNIVCA\TERZO ANNO\TIROCINIO\MP-IDB-The-Malaria-Parasite-Image-Database-for-Image-Processing-and-Analysis\Falciparum\crops\R\1307210661-0009-R_0.png,R,R,1307210661,1307210661-0009-R_0.png
C:\Users\laura\OneDrive\Documenti\UNIVCA\TERZO ANNO\TIROCINIO\MP-IDB-The-Malaria-Parasite-Image-Database-for-Image-Processing-and-Analysis\Falciparum\crops\R\1307210661-0010-R_0.png,R,R,1307210661,1307210661-0010-R_0.png
C:\Users\laura\OneDrive\Documenti\UNIVCA\TERZO ANNO\TIROCINIO\MP-IDB-The-Malaria-Parasite-Image-Database-for-Image-Processing-and-Analysis\Falciparum\crops\R\1405022890-0001-R_0.png,R,R,1405022890,1405022890-0001-R_0.png
C:\Users\laura\OneDrive\Documenti\UNIVCA\TERZO ANNO\TIROCINIO\MP-IDB-The-Malaria-Parasite-Image-Database-for-Image-Processing-and-Analysis\Falciparum\crops\R\1405022890-0002-R_0.png,R,R,1405022890,1405022890-0002-R_0.png
C:\Users\laura\OneDrive\Documenti\UNIVCA\TERZO ANNO\TIROCINIO\MP-IDB-The-Malaria-Parasite-Image-Database-for-Image-Processing-and-Analysis\Falciparum\crops\R\1405022890-0003-R_0.png,R,R,1405022890,1405022890-0003-R_0.png
C:\Users\laura\OneDrive\Documenti\UNIVCA\TERZO ANNO\TIROCINIO\MP-IDB-The-Malaria-Parasite-Image-Database-for-Image-Processing-and-Analysis\Falciparum\crops\R\1405022890-0004-R_0.png,R,R,1405022890,1405022890-0004-R_0.png
C:\Users\laura\OneDrive\Documenti\UNIVCA\TERZO ANNO\TIROCINIO\MP-IDB-The-Malaria-Parasite-Image-Database-for-Image-Processing-and-Analysis\Falciparum\crops\R\1405022890-0005-R_0.png,R,R,1405022890,1405022890-0005-R_0.png
C:\Users\laura\OneDrive\Documenti\UNIVCA\TERZO ANNO\TIROCINIO\MP-IDB-The-Malaria-Parasite-Image-Database-for-Image-Processing-and-Analysis\Falciparum\crops\R\1405022890-0006-R_0.png,R,R,1405022890,1405022890-0006-R_0.png
C:\Users\laura\OneDrive\Documenti\UNIVCA\TERZO ANNO\TIROCINIO\MP-IDB-The-Malaria-Parasite-Image-Database-for-Image-Processing-and-Analysis\Falciparum\crops\R\1408161544-0001-S_R_1.png,R,R,1408161544,1408161544-0001-S_R_1.png
C:\Users\laura\OneDrive\Documenti\UNIVCA\TERZO ANNO\TIROCINIO\MP-IDB-The-Malaria-Parasite-Image-Database-for-Image-Processing-and-Analysis\Falciparum\crops\R\1408161544-0002-R_S_0.png,R,R,1408161544,1408161544-0002-R_S_0.png
C:\Users\laura\OneDrive\Documenti\UNIVCA\TERZO ANNO\TIROCINIO\MP-IDB-The-Malaria-Parasite-Image-Database-for-Image-Processing-and-Analysis\Falciparum\crops\R\1408161544-0003-R_S_0.png,R,R,1408161544,1408161544-0003-R_S_0.png
C:\Users\laura\OneDrive\Documenti\UNIVCA\TERZO ANNO\TIROCINIO\MP-IDB-The-Malaria-Parasite-Image-Database-for-Image-Processing-and-Analysis\Falciparum\crops\R\1408290968-0001-R_0.png,R,R,1408290968,1408290968-0001-R_0.png
C:\Users\laura\OneDrive\Documenti\UNIVCA\TERZO ANNO\TIROCINIO\MP-IDB-The-Malaria-Parasite-Image-Database-for-Image-Processing-and-Analysis\Falciparum\crops\R\1408290968-0002-R_0.png,R,R,1408290968,1408290968-0002-R_0.png
C:\Users\laura\OneDrive\Documenti\UNIVCA\TERZO ANNO\TIROCINIO\MP-IDB-The-Malaria-Parasite-Image-Database-for-Image-Processing-and-Analysis\Falciparum\crops\R\1408290968-0003-R_0.png,R,R,1408290968,1408290968-0003-R_0.png
C:\Users\laura\OneDrive\Documenti\UNIVCA\TERZO ANNO\TIROCINIO\MP-IDB-The-Malaria-Parasite-Image-Database-for-Image-Processing-and-Analysis\Falciparum\crops\R\1409171742-0001-R_0.png,R,R,1409171742,1409171742-0001-R_0.png
C:\Users\laura\OneDrive\Documenti\UNIVCA\TERZO ANNO\TIROCINIO\MP-IDB-The-Malaria-Parasite-Image-Database-for-Image-Processing-and-Analysis\Falciparum\crops\R\1409171742-0002-R_0.png,R,R,1409171742,1409171742-0002-R_0.png
C:\Users\laura\OneDrive\Documenti\UNIVCA\TERZO ANNO\TIROCINIO\MP-IDB-The-Malaria-Parasite-Image-Database-for-Image-Processing-and-Analysis\Falciparum\crops\R\1409171742-0003-R_0.png,R,R,1409171742,1409171742-0003-R_0.png
C:\Users\laura\OneDrive\Documenti\UNIVCA\TERZO ANNO\TIROCINIO\MP-IDB-The-Malaria-Parasite-Image-Database-for-Image-Processing-and-Analysis\Falciparum\crops\R\1409171742-0004-R_0.png,R,R,1409171742,1409171742-0004-R_0.png
C:\Users\laura\OneDrive\Documenti\UNIVCA\TERZO ANNO\TIROCINIO\MP-IDB-The-Malaria-Parasite-Image-Database-for-Image-Processing-and-Analysis\Falciparum\crops\R\1409171742-0005-R_0.png,R,R,1409171742,1409171742-0005-R_0.png
C:\Users\laura\OneDrive\Documenti\UNIVCA\TERZO ANNO\TIROCINIO\MP-IDB-The-Malaria-Parasite-Image-Database-for-Image-Processing-and-Analysis\Falciparum\crops\R\1409171742-0006-R_0.png,R,R,1409171742,1409171742-0006-R_0.png
C:\Users\laura\OneDrive\Documenti\UNIVCA\TERZO ANNO\TIROCINIO\MP-IDB-The-Malaria-Parasite-Image-Database-for-Image-Processing-and-Analysis\Falciparum\crops\R\1409171742-0007-R_0.png,R,R,1409171742,1409171742-0007-R_0.png
C:\Users\laura\OneDrive\Documenti\UNIVCA\TERZO ANNO\TIROCINIO\MP-IDB-The-Malaria-Parasite-Image-Database-for-Image-Processing-and-Analysis\Falciparum\crops\R\1409171742-0008-R_0.png,R,R,1409171742,1409171742-0008-R_0.png
C:\Users\laura\OneDrive\Documenti\UNIVCA\TERZO ANNO\TIROCINIO\MP-IDB-The-Malaria-Parasite-Image-Database-for-Image-Processing-and-Analysis\Falciparum\crops\R\1409171742-0009-R_0.png,R,R,1409171742,1409171742-0009-R_0.png
C:\Users\laura\OneDrive\Documenti\UNIVCA\TERZO ANNO\TIROCINIO\MP-IDB-The-Malaria-Parasite-Image-Database-for-Image-Processing-and-Analysis\Falciparum\crops\R\1409171742-0010-R_0.png,R,R,1409171742,1409171742-0010-R_0.png
C:\Users\laura\OneDrive\Documenti\UNIVCA\TERZO ANNO\TIROCINIO\MP-IDB-The-Malaria-Parasite-Image-Database-for-Image-Processing-and-Analysis\Falciparum\crops\R\1409191647-0001-R_0.png,R,R,1409191647,1409191647-0001-R_0.png
C:\Users\laura\OneDrive\Documenti\UNIVCA\TERZO ANNO\TIROCINIO\MP-IDB-The-Malaria-Parasite-Image-Database-for-Image-Processing-and-Analysis\Falciparum\crops\R\1409191647-0002-R_0.png,R,R,1409191647,1409191647-0002-R_0.png
C:\Users\laura\OneDrive\Documenti\UNIVCA\TERZO ANNO\TIROCINIO\MP-IDB-The-Malaria-Parasite-Image-Database-for-Image-Processing-and-Analysis\Falciparum\crops\R\1409191647-0003-R_0.png,R,R,1409191647,1409191647-0003-R_0.png
C:\Users\laura\OneDrive\Documenti\UNIVCA\TERZO ANNO\TIROCINIO\MP-IDB-The-Malaria-Parasite-Image-Database-for-Image-Processing-and-Analysis\Falciparum\crops\R\1409191647-0004-R_0.png,R,R,1409191647,1409191647-0004-R_0.png
C:\Users\laura\OneDrive\Documenti\UNIVCA\TERZO ANNO\TIROCINIO\MP-IDB-The-Malaria-Parasite-Image-Database-for-Image-Processing-and-Analysis\Falciparum\crops\R\1409191647-0005-R_0.png,R,R,1409191647,1409191647-0005-R_0.png
C:\Users\laura\OneDrive\Documenti\UNIVCA\TERZO ANNO\TIROCINIO\MP-IDB-The-Malaria-Parasite-Image-Database-for-Image-Processing-and-Analysis\Falciparum\crops\R\1409191647-0006-R_0.png,R,R,1409191647,1409191647-0006-R_0.png
C:\Users\laura\OneDrive\Documenti\UNIVCA\TERZO ANNO\TIROCINIO\MP-IDB-The-Malaria-Parasite-Image-Database-for-Image-Processing-and-Analysis\Falciparum\crops\R\1409191647-0007-R_0.png,R,R,1409191647,1409191647-0007-R_0.png
C:\Users\laura\OneDrive\Documenti\UNIVCA\TERZO ANNO\TIROCINIO\MP-IDB-The-Malaria-Parasite-Image-Database-for-Image-Processing-and-Analysis\Falciparum\crops\T\1409191647-0008-T_0.png,T,T,1409191647,1409191647-0008-T_0.png
C:\Users\laura\OneDrive\Documenti\UNIVCA\TERZO ANNO\TIROCINIO\MP-IDB-The-Malaria-Parasite-Image-Database-for-Image-Processing-and-Analysis\Falciparum\crops\R\1409191647-0009-R_0.png,R,R,1409191647,1409191647-0009-R_0.png
C:\Users\laura\OneDrive\Documenti\UNIVCA\TERZO ANNO\TIROCINIO\MP-IDB-The-Malaria-Parasite-Image-Database-for-Image-Processing-and-Analysis\Falciparum\crops\R\1409191647-0010-R_0.png,R,R,1409191647,1409191647-0010-R_0.png
C:\Users\laura\OneDrive\Documenti\UNIVCA\TERZO ANNO\TIROCINIO\MP-IDB-The-Malaria-Parasite-Image-Database-for-Image-Processing-and-Analysis\Falciparum\crops\G\1603223711-0001-G_0.png,G,G,1603223711,1603223711-0001-G_0.png
C:\Users\laura\OneDrive\Documenti\UNIVCA\TERZO ANNO\TIROCINIO\MP-IDB-The-Malaria-Parasite-Image-Database-for-Image-Processing-and-Analysis\Falciparum\crops\G\1603223711-0002-T_G_1.png,G,G,1603223711,1603223711-0002-T_G_1.png
C:\Users\laura\OneDrive\Documenti\UNIVCA\TERZO ANNO\TIROCINIO\MP-IDB-The-Malaria-Parasite-Image-Database-for-Image-Processing-and-Analysis\Falciparum\crops\G\1603223711-0003-G_R_0.png,G,G,1603223711,1603223711-0003-G_R_0.png
C:\Users\laura\OneDrive\Documenti\UNIVCA\TERZO ANNO\TIROCINIO\MP-IDB-The-Malaria-Parasite-Image-Database-for-Image-Processing-and-Analysis\Falciparum\crops\R\1603223711-0004-R_0.png,R,R,1603223711,1603223711-0004-R_0.png
C:\Users\laura\OneDrive\Documenti\UNIVCA\TERZO ANNO\TIROCINIO\MP-IDB-The-Malaria-Parasite-Image-Database-for-Image-Processing-and-Analysis\Falciparum\crops\G\1603223711-0005-G_0.png,G,G,1603223711,1603223711-0005-G_0.png
C:\Users\laura\OneDrive\Documenti\UNIVCA\TERZO ANNO\TIROCINIO\MP-IDB-The-Malaria-Parasite-Image-Database-for-Image-Processing-and-Analysis\Falciparum\crops\G\1603223711-0006-G_0.png,G,G,1603223711,1603223711-0006-G_0.png
C:\Users\laura\OneDrive\Documenti\UNIVCA\TERZO ANNO\TIROCINIO\MP-IDB-The-Malaria-Parasite-Image-Database-for-Image-Processing-and-Analysis\Falciparum\crops\R\1701151546-0001-R_T_S_0.png,R,R,1701151546,1701151546-0001-R_T_S_0.png
C:\Users\laura\OneDrive\Documenti\UNIVCA\TERZO ANNO\TIROCINIO\MP-IDB-The-Malaria-Parasite-Image-Database-for-Image-Processing-and-Analysis\Falciparum\crops\R\1701151546-0002-R_0.png,R,R,1701151546,1701151546-0002-R_0.png
C:\Users\laura\OneDrive\Documenti\UNIVCA\TERZO ANNO\TIROCINIO\MP-IDB-The-Malaria-Parasite-Image-Database-for-Image-Processing-and-Analysis\Falciparum\crops\R\1701151546-0003-R_0.png,R,R,1701151546,1701151546-0003-R_0.png
C:\Users\laura\OneDrive\Documenti\UNIVCA\TERZO ANNO\TIROCINIO\MP-IDB-The-Malaria-Parasite-Image-Database-for-Image-Processing-and-Analysis\Falciparum\crops\R\1701151546-0004-R_T_0.png,R,R,1701151546,1701151546-0004-R_T_0.png
C:\Users\laura\OneDrive\Documenti\UNIVCA\TERZO ANNO\TIROCINIO\MP-IDB-The-Malaria-Parasite-Image-Database-for-Image-Processing-and-Analysis\Falciparum\crops\R\1701151546-0005-R_0.png,R,R,1701151546,1701151546-0005-R_0.png
C:\Users\laura\OneDrive\Documenti\UNIVCA\TERZO ANNO\TIROCINIO\MP-IDB-The-Malaria-Parasite-Image-Database-for-Image-Processing-and-Analysis\Falciparum\crops\R\1701151546-0006-R_T_0.png,R,R,1701151546,1701151546-0006-R_T_0.png
C:\Users\laura\OneDrive\Documenti\UNIVCA\TERZO ANNO\TIROCINIO\MP-IDB-The-Malaria-Parasite-Image-Database-for-Image-Processing-and-Analysis\Falciparum\crops\R\1701151546-0007-R_0.png,R,R,1701151546,1701151546-0007-R_0.png
C:\Users\laura\OneDrive\Documenti\UNIVCA\TERZO ANNO\TIROCINIO\MP-IDB-The-Malaria-Parasite-Image-Database-for-Image-Processing-and-Analysis\Falciparum\crops\R\1701151546-0008-R-T_0.png,R,R,1701151546,1701151546-0008-R-T_0.png
C:\Users\laura\OneDrive\Documenti\UNIVCA\TERZO ANNO\TIROCINIO\MP-IDB-The-Malaria-Parasite-Image-Database-for-Image-Processing-and-Analysis\Falciparum\crops\R\1701151546-0009-R_0.png,R,R,1701151546,1701151546-0009-R_0.png
C:\Users\laura\OneDrive\Documenti\UNIVCA\TERZO ANNO\TIROCINIO\MP-IDB-The-Malaria-Parasite-Image-Database-for-Image-Processing-and-Analysis\Falciparum\crops\R\1701151546-0010-R_0.png,R,R,1701151546,1701151546-0010-R_0.png
C:\Users\laura\OneDrive\Documenti\UNIVCA\TERZO ANNO\TIROCINIO\MP-IDB-The-Malaria-Parasite-Image-Database-for-Image-Processing-and-Analysis\Falciparum\crops\R\1701151546-0011-R_T_0.png,R,R,1701151546,1701151546-0011-R_T_0.png
C:\Users\laura\OneDrive\Documenti\UNIVCA\TERZO ANNO\TIROCINIO\MP-IDB-The-Malaria-Parasite-Image-Database-for-Image-Processing-and-Analysis\Falciparum\crops\R\1701151546-0012-R_0.png,R,R,1701151546,1701151546-0012-R_0.png
C:\Users\laura\OneDrive\Documenti\UNIVCA\TERZO ANNO\TIROCINIO\MP-IDB-The-Malaria-Parasite-Image-Database-for-Image-Processing-and-Analysis\Falciparum\crops\R\1701151546-0013-R_T_0.png,R,R,1701151546,1701151546-0013-R_T_0.png
C:\Users\laura\OneDrive\Documenti\UNIVCA\TERZO ANNO\TIROCINIO\MP-IDB-The-Malaria-Parasite-Image-Database-for-Image-Processing-and-Analysis\Falciparum\crops\R\1701151546-0014-R_0.png,R,R,1701151546,1701151546-0014-R_0.png
C:\Users\laura\OneDrive\Documenti\UNIVCA\TERZO ANNO\TIROCINIO\MP-IDB-The-Malaria-Parasite-Image-Database-for-Image-Processing-and-Analysis\Falciparum\crops\R\1701151546-0015-R_T_0.png,R,R,1701151546,1701151546-0015-R_T_0.png
C:\Users\laura\OneDrive\Documenti\UNIVCA\TERZO ANNO\TIROCINIO\MP-IDB-The-Malaria-Parasite-Image-Database-for-Image-Processing-and-Analysis\Falciparum\crops\R\1305121398-0001-R_S_0.png,R,R,1305121398,1305121398-0001-R_S_0.png
C:\Users\laura\OneDrive\Documenti\UNIVCA\TERZO ANNO\TIROCINIO\MP-IDB-The-Malaria-Parasite-Image-Database-for-Image-Processing-and-Analysis\Falciparum\crops\R\1305121398-0003-R_0.png,R,R,1305121398,1305121398-0003-R_0.png
C:\Users\laura\OneDrive\Documenti\UNIVCA\TERZO ANNO\TIROCINIO\MP-IDB-The-Malaria-Parasite-Image-Database-for-Image-Processing-and-Analysis\Falciparum\crops\R\1305121398-0004-R_0.png,R,R,1305121398,1305121398-0004-R_0.png
C:\Users\laura\OneDrive\Documenti\UNIVCA\TERZO ANNO\TIROCINIO\MP-IDB-The-Malaria-Parasite-Image-Database-for-Image-Processing-and-Analysis\Falciparum\crops\T\1305121398-0005-T_0.png,T,T,1305121398,1305121398-0005-T_0.png
C:\Users\laura\OneDrive\Documenti\UNIVCA\TERZO ANNO\TIROCINIO\MP-IDB-The-Malaria-Parasite-Image-Database-for-Image-Processing-and-Analysis\Falciparum\crops\R\1305121398-0006-R_0.png,R,R,1305121398,1305121398-0006-R_0.png
C:\Users\laura\OneDrive\Documenti\UNIVCA\TERZO ANNO\TIROCINIO\MP-IDB-The-Malaria-Parasite-Image-Database-for-Image-Processing-and-Analysis\Falciparum\crops\R\1305121398-0007-R_0.png,R,R,1305121398,1305121398-0007-R_0.png
C:\Users\laura\OneDrive\Documenti\UNIVCA\TERZO ANNO\TIROCINIO\MP-IDB-The-Malaria-Parasite-Image-Database-for-Image-Processing-and-Analysis\Falciparum\crops\R\1305121398-0008-R_0.png,R,R,1305121398,1305121398-0008-R_0.png
C:\Users\laura\OneDrive\Documenti\UNIVCA\TERZO ANNO\TIROCINIO\MP-IDB-The-Malaria-Parasite-Image-Database-for-Image-Processing-and-Analysis\Falciparum\crops\S\1305121398-0010-S_0.png,S,S,1305121398,1305121398-0010-S_0.png
C:\Users\laura\OneDrive\Documenti\UNIVCA\TERZO ANNO\TIROCINIO\MP-IDB-The-Malaria-Parasite-Image-Database-for-Image-Processing-and-Analysis\Falciparum\crops\S\1305121398-0011-S_0.png,S,S,1305121398,1305121398-0011-S_0.png
C:\Users\laura\OneDrive\Documenti\UNIVCA\TERZO ANNO\TIROCINIO\MP-IDB-The-Malaria-Parasite-Image-Database-for-Image-Processing-and-Analysis\Falciparum\crops\S\1305121398-0012-S_0.png,S,S,1305121398,1305121398-0012-S_0.png
C:\Users\laura\OneDrive\Documenti\UNIVCA\TERZO ANNO\TIROCINIO\MP-IDB-The-Malaria-Parasite-Image-Database-for-Image-Processing-and-Analysis\Falciparum\crops\S\1305121398-0013-S_0.png,S,S,1305121398,1305121398-0013-S_0.png
C:\Users\laura\OneDrive\Documenti\UNIVCA\TERZO ANNO\TIROCINIO\MP-IDB-The-Malaria-Parasite-Image-Database-for-Image-Processing-and-Analysis\Falciparum\crops\S\1305121398-0014-S_0.png,S,S,1305121398,1305121398-0014-S_0.png
C:\Users\laura\OneDrive\Documenti\UNIVCA\TERZO ANNO\TIROCINIO\MP-IDB-The-Malaria-Parasite-Image-Database-for-Image-Processing-and-Analysis\Falciparum\crops\S\1305121398-0015-S_0.png,S,S,1305121398,1305121398-0015-S_0.png
C:\Users\laura\OneDrive\Documenti\UNIVCA\TERZO ANNO\TIROCINIO\MP-IDB-The-Malaria-Parasite-Image-Database-for-Image-Processing-and-Analysis\Falciparum\crops\S\1305121398-0016-S_0.png,S,S,1305121398,1305121398-0016-S_0.png
C:\Users\laura\OneDrive\Documenti\UNIVCA\TERZO ANNO\TIROCINIO\MP-IDB-The-Malaria-Parasite-Image-Database-for-Image-Processing-and-Analysis\Falciparum\crops\R\1305121398-0017-R_0.png,R,R,1305121398,1305121398-0017-R_0.png
C:\Users\laura\OneDrive\Documenti\UNIVCA\TERZO ANNO\TIROCINIO\MP-IDB-The-Malaria-Parasite-Image-Database-for-Image-Processing-and-Analysis\Falciparum\crops\S\1305121398-0018-S_0.png,S,S,1305121398,1305121398-0018-S_0.png
C:\Users\laura\OneDrive\Documenti\UNIVCA\TERZO ANNO\TIROCINIO\MP-IDB-The-Malaria-Parasite-Image-Database-for-Image-Processing-and-Analysis\Falciparum\crops\R\1305121398-0019-R_0.png,R,R,1305121398,1305121398-0019-R_0.png
C:\Users\laura\OneDrive\Documenti\UNIVCA\TERZO ANNO\TIROCINIO\MP-IDB-The-Malaria-Parasite-Image-Database-for-Image-Processing-and-Analysis\Falciparum\crops\S\1305121398-0020-S_0.png,S,S,1305121398,1305121398-0020-S_0.png
C:\Users\laura\OneDrive\Documenti\UNIVCA\TERZO ANNO\TIROCINIO\MP-IDB-The-Malaria-Parasite-Image-Database-for-Image-Processing-and-Analysis\Falciparum\crops\S\1305121398-0021-S_0.png,S,S,1305121398,1305121398-0021-S_0.png
C:\Users\laura\OneDrive\Documenti\UNIVCA\TERZO ANNO\TIROCINIO\MP-IDB-The-Malaria-Parasite-Image-Database-for-Image-Processing-and-Analysis\Falciparum\crops\S\1305121398-0022-S_0.png,S,S,1305121398,1305121398-0022-S_0.png
C:\Users\laura\OneDrive\Documenti\UNIVCA\TERZO ANNO\TIROCINIO\MP-IDB-The-Malaria-Parasite-Image-Database-for-Image-Processing-and-Analysis\Falciparum\crops\R\1408161544-0001-S_R_1.png,R,R,1408161544,1408161544-0001-S_R_1.png
C:\Users\laura\OneDrive\Documenti\UNIVCA\TERZO ANNO\TIROCINIO\MP-IDB-The-Malaria-Parasite-Image-Database-for-Image-Processing-and-Analysis\Falciparum\crops\R\1408161544-0002-R_S_0.png,R,R,1408161544,1408161544-0002-R_S_0.png
C:\Users\laura\OneDrive\Documenti\UNIVCA\TERZO ANNO\TIROCINIO\MP-IDB-The-Malaria-Parasite-Image-Database-for-Image-Processing-and-Analysis\Falciparum\crops\R\1408161544-0003-R_S_0.png,R,R,1408161544,1408161544-0003-R_S_0.png
C:\Users\laura\OneDrive\Documenti\UNIVCA\TERZO ANNO\TIROCINIO\MP-IDB-The-Malaria-Parasite-Image-Database-for-Image-Processing-and-Analysis\Falciparum\crops\R\1408290968-0001-R_0.png,R,R,1408290968,1408290968-0001-R_0.png
C:\Users\laura\OneDrive\Documenti\UNIVCA\TERZO ANNO\TIROCINIO\MP-IDB-The-Malaria-Parasite-Image-Database-for-Image-Processing-and-Analysis\Falciparum\crops\R\1408290968-0002-R_0.png,R,R,1408290968,1408290968-0002-R_0.png
C:\Users\laura\OneDrive\Documenti\UNIVCA\TERZO ANNO\TIROCINIO\MP-IDB-The-Malaria-Parasite-Image-Database-for-Image-Processing-and-Analysis\Falciparum\crops\R\1408290968-0003-R_0.png,R,R,1408290968,1408290968-0003-R_0.png
C:\Users\laura\OneDrive\Documenti\UNIVCA\TERZO ANNO\TIROCINIO\MP-IDB-The-Malaria-Parasite-Image-Database-for-Image-Processing-and-Analysis\Falciparum\crops\R\1409171742-0001-R_0.png,R,R,1409171742,1409171742-0001-R_0.png
C:\Users\laura\OneDrive\Documenti\UNIVCA\TERZO ANNO\TIROCINIO\MP-IDB-The-Malaria-Parasite-Image-Database-for-Image-Processing-and-Analysis\Falciparum\crops\R\1409171742-0002-R_0.png,R,R,1409171742,1409171742-0002-R_0.png
C:\Users\laura\OneDrive\Documenti\UNIVCA\TERZO ANNO\TIROCINIO\MP-IDB-The-Malaria-Parasite-Image-Database-for-Image-Processing-and-Analysis\Falciparum\crops\R\1409171742-0003-R_0.png,R,R,1409171742,1409171742-0003-R_0.png
C:\Users\laura\OneDrive\Documenti\UNIVCA\TERZO ANNO\TIROCINIO\MP-IDB-The-Malaria-Parasite-Image-Database-for-Image-Processing-and-Analysis\Falciparum\crops\R\1409171742-0004-R_0.png,R,R,1409171742,1409171742-0004-R_0.png
C:\Users\laura\OneDrive\Documenti\UNIVCA\TERZO ANNO\TIROCINIO\MP-IDB-The-Malaria-Parasite-Image-Database-for-Image-Processing-and-Analysis\Falciparum\crops\R\1409171742-0005-R_0.png,R,R,1409171742,1409171742-0005-R_0.png
C:\Users\laura\OneDrive\Documenti\UNIVCA\TERZO ANNO\TIROCINIO\MP-IDB-The-Malaria-Parasite-Image-Database-for-Image-Processing-and-Analysis\Falciparum\crops\R\1409171742-0006-R_0.png,R,R,1409171742,1409171742-0006-R_0.png
C:\Users\laura\OneDrive\Documenti\UNIVCA\TERZO ANNO\TIROCINIO\MP-IDB-The-Malaria-Parasite-Image-Database-for-Image-Processing-and-Analysis\Falciparum\crops\R\1409171742-0007-R_0.png,R,R,1409171742,1409171742-0007-R_0.png
C:\Users\laura\OneDrive\Documenti\UNIVCA\TERZO ANNO\TIROCINIO\MP-IDB-The-Malaria-Parasite-Image-Database-for-Image-Processing-and-Analysis\Falciparum\crops\R\1409171742-0008-R_0.png,R,R,1409171742,1409171742-0008-R_0.png
C:\Users\laura\OneDrive\Documenti\UNIVCA\TERZO ANNO\TIROCINIO\MP-IDB-The-Malaria-Parasite-Image-Database-for-Image-Processing-and-Analysis\Falciparum\crops\R\1409171742-0009-R_0.png,R,R,1409171742,1409171742-0009-R_0.png
C:\Users\laura\OneDrive\Documenti\UNIVCA\TERZO ANNO\TIROCINIO\MP-IDB-The-Malaria-Parasite-Image-Database-for-Image-Processing-and-Analysis\Falciparum\crops\R\1409171742-0010-R_0.png,R,R,1409171742,1409171742-0010-R_0.png
C:\Users\laura\OneDrive\Documenti\UNIVCA\TERZO ANNO\TIROCINIO\MP-IDB-The-Malaria-Parasite-Image-Database-for-Image-Processing-and-Analysis\Falciparum\crops\R\1409191647-0001-R_0.png,R,R,1409191647,1409191647-0001-R_0.png
C:\Users\laura\OneDrive\Documenti\UNIVCA\TERZO ANNO\TIROCINIO\MP-IDB-The-Malaria-Parasite-Image-Database-for-Image-Processing-and-Analysis\Falciparum\crops\R\1409191647-0002-R_0.png,R,R,1409191647,1409191647-0002-R_0.png
C:\Users\laura\OneDrive\Documenti\UNIVCA\TERZO ANNO\TIROCINIO\MP-IDB-The-Malaria-Parasite-Image-Database-for-Image-Processing-and-Analysis\Falciparum\crops\R\1409191647-0003-R_0.png,R,R,1409191647,1409191647-0003-R_0.png
C:\Users\laura\OneDrive\Documenti\UNIVCA\TERZO ANNO\TIROCINIO\MP-IDB-The-Malaria-Parasite-Image-Database-for-Image-Processing-and-Analysis\Falciparum\crops\R\1409191647-0004-R_0.png,R,R,1409191647,1409191647-0004-R_0.png
C:\Users\laura\OneDrive\Documenti\UNIVCA\TERZO ANNO\TIROCINIO\MP-IDB-The-Malaria-Parasite-Image-Database-for-Image-Processing-and-Analysis\Falciparum\crops\R\1409191647-0005-R_0.png,R,R,1409191647,1409191647-0005-R_0.png
C:\Users\laura\OneDrive\Documenti\UNIVCA\TERZO ANNO\TIROCINIO\MP-IDB-The-Malaria-Parasite-Image-Database-for-Image-Processing-and-Analysis\Falciparum\crops\R\1409191647-0006-R_0.png,R,R,1409191647,1409191647-0006-R_0.png
C:\Users\laura\OneDrive\Documenti\UNIVCA\TERZO ANNO\TIROCINIO\MP-IDB-The-Malaria-Parasite-Image-Database-for-Image-Processing-and-Analysis\Falciparum\crops\R\1409191647-0007-R_0.png,R,R,1409191647,1409191647-0007-R_0.png
C:\Users\laura\OneDrive\Documenti\UNIVCA\TERZO ANNO\TIROCINIO\MP-IDB-The-Malaria-Parasite-Image-Database-for-Image-Processing-and-Analysis\Falciparum\crops\T\1409191647-0008-T_0.png,T,T,1409191647,1409191647-0008-T_0.png
C:\Users\laura\OneDrive\Documenti\UNIVCA\TERZO ANNO\TIROCINIO\MP-IDB-The-Malaria-Parasite-Image-Database-for-Image-Processing-and-Analysis\Falciparum\crops\R\1409191647-0009-R_0.png,R,R,1409191647,1409191647-0009-R_0.png
C:\Users\laura\OneDrive\Documenti\UNIVCA\TERZO ANNO\TIROCINIO\MP-IDB-The-Malaria-Parasite-Image-Database-for-Image-Processing-and-Analysis\Falciparum\crops\R\1409191647-0010-R_0.png,R,R,1409191647,1409191647-0010-R_0.png
C:\Users\laura\OneDrive\Documenti\UNIVCA\TERZO ANNO\TIROCINIO\MP-IDB-The-Malaria-Parasite-Image-Database-for-Image-Processing-and-Analysis\Falciparum\crops\G\1603223711-0001-G_0.png,G,G,1603223711,1603223711-0001-G_0.png
C:\Users\laura\OneDrive\Documenti\UNIVCA\TERZO ANNO\TIROCINIO\MP-IDB-The-Malaria-Parasite-Image-Database-for-Image-Processing-and-Analysis\Falciparum\crops\G\1603223711-0002-T_G_1.png,G,G,1603223711,1603223711-0002-T_G_1.png
C:\Users\laura\OneDrive\Documenti\UNIVCA\TERZO ANNO\TIROCINIO\MP-IDB-The-Malaria-Parasite-Image-Database-for-Image-Processing-and-Analysis\Falciparum\crops\G\1603223711-0003-G_R_0.png,G,G,1603223711,1603223711-0003-G_R_0.png
C:\Users\laura\OneDrive\Documenti\UNIVCA\TERZO ANNO\TIROCINIO\MP-IDB-The-Malaria-Parasite-Image-Database-for-Image-Processing-and-Analysis\Falciparum\crops\R\1603223711-0004-R_0.png,R,R,1603223711,1603223711-0004-R_0.png
C:\Users\laura\OneDrive\Documenti\UNIVCA\TERZO ANNO\TIROCINIO\MP-IDB-The-Malaria-Parasite-Image-Database-for-Image-Processing-and-Analysis\Falciparum\crops\G\1603223711-0005-G_0.png,G,G,1603223711,1603223711-0005-G_0.png
C:\Users\laura\OneDrive\Documenti\UNIVCA\TERZO ANNO\TIROCINIO\MP-IDB-The-Malaria-Parasite-Image-Database-for-Image-Processing-and-Analysis\Falciparum\crops\G\1603223711-0006-G_0.png,G,G,1603223711,1603223711-0006-G_0.png
C:\Users\laura\OneDrive\Documenti\UNIVCA\TERZO ANNO\TIROCINIO\MP-IDB-The-Malaria-Parasite-Image-Database-for-Image-Processing-and-Analysis\Falciparum\crops\R\1701151546-0001-R_T_S_0.png,R,R,1701151546,1701151546-0001-R_T_S_0.png
C:\Users\laura\OneDrive\Documenti\UNIVCA\TERZO ANNO\TIROCINIO\MP-IDB-The-Malaria-Parasite-Image-Database-for-Image-Processing-and-Analysis\Falciparum\crops\R\1701151546-0002-R_0.png,R,R,1701151546,1701151546-0002-R_0.png
C:\Users\laura\OneDrive\Documenti\UNIVCA\TERZO ANNO\TIROCINIO\MP-IDB-The-Malaria-Parasite-Image-Database-for-Image-Processing-and-Analysis\Falciparum\crops\R\1701151546-0003-R_0.png,R,R,1701151546,1701151546-0003-R_0.png
C:\Users\laura\OneDrive\Documenti\UNIVCA\TERZO ANNO\TIROCINIO\MP-IDB-The-Malaria-Parasite-Image-Database-for-Image-Processing-and-Analysis\Falciparum\crops\R\1701151546-0004-R_T_0.png,R,R,1701151546,1701151546-0004-R_T_0.png
C:\Users\laura\OneDrive\Documenti\UNIVCA\TERZO ANNO\TIROCINIO\MP-IDB-The-Malaria-Parasite-Image-Database-for-Image-Processing-and-Analysis\Falciparum\crops\R\1701151546-0005-R_0.png,R,R,1701151546,1701151546-0005-R_0.png
C:\Users\laura\OneDrive\Documenti\UNIVCA\TERZO ANNO\TIROCINIO\MP-IDB-The-Malaria-Parasite-Image-Database-for-Image-Processing-and-Analysis\Falciparum\crops\R\1701151546-0006-R_T_0.png,R,R,1701151546,1701151546-0006-R_T_0.png
C:\Users\laura\OneDrive\Documenti\UNIVCA\TERZO ANNO\TIROCINIO\MP-IDB-The-Malaria-Parasite-Image-Database-for-Image-Processing-and-Analysis\Falciparum\crops\R\1701151546-0007-R_0.png,R,R,1701151546,1701151546-0007-R_0.png
C:\Users\laura\OneDrive\Documenti\UNIVCA\TERZO ANNO\TIROCINIO\MP-IDB-The-Malaria-Parasite-Image-Database-for-Image-Processing-and-Analysis\Falciparum\crops\R\1701151546-0008-R-T_0.png,R,R,1701151546,1701151546-0008-R-T_0.png
C:\Users\laura\OneDrive\Documenti\UNIVCA\TERZO ANNO\TIROCINIO\MP-IDB-The-Malaria-Parasite-Image-Database-for-Image-Processing-and-Analysis\Falciparum\crops\R\1701151546-0009-R_0.png,R,R,1701151546,1701151546-0009-R_0.png
C:\Users\laura\OneDrive\Documenti\UNIVCA\TERZO ANNO\TIROCINIO\MP-IDB-The-Malaria-Parasite-Image-Database-for-Image-Processing-and-Analysis\Falciparum\crops\R\1701151546-0010-R_0.png,R,R,1701151546,1701151546-0010-R_0.png
C:\Users\laura\OneDrive\Documenti\UNIVCA\TERZO ANNO\TIROCINIO\MP-IDB-The-Malaria-Parasite-Image-Database-for-Image-Processing-and-Analysis\Falciparum\crops\R\1701151546-0011-R_T_0.png,R,R,1701151546,1701151546-0011-R_T_0.png
C:\Users\laura\OneDrive\Documenti\UNIVCA\TERZO ANNO\TIROCINIO\MP-IDB-The-Malaria-Parasite-Image-Database-for-Image-Processing-and-Analysis\Falciparum\crops\R\1701151546-0012-R_0.png,R,R,1701151546,1701151546-0012-R_0.png
C:\Users\laura\OneDrive\Documenti\UNIVCA\TERZO ANNO\TIROCINIO\MP-IDB-The-Malaria-Parasite-Image-Database-for-Image-Processing-and-Analysis\Falciparum\crops\R\1701151546-0013-R_T_0.png,R,R,1701151546,1701151546-0013-R_T_0.png
C:\Users\laura\OneDrive\Documenti\UNIVCA\TERZO ANNO\TIROCINIO\MP-IDB-The-Malaria-Parasite-Image-Database-for-Image-Processing-and-Analysis\Falciparum\crops\R\1701151546-0014-R_0.png,R,R,1701151546,1701151546-0014-R_0.png
C:\Users\laura\OneDrive\Documenti\UNIVCA\TERZO ANNO\TIROCINIO\MP-IDB-The-Malaria-Parasite-Image-Database-for-Image-Processing-and-Analysis\Falciparum\crops\R\1701151546-0015-R_T_0.png,R,R,1701151546,1701151546-0015-R_T_0.png
