model,classifier,source_species,target_species,accuracy,balanced_accuracy,precision_macro,precision_weighted,recall_macro,recall_weighted,f1_macro,f1_weighted,mcc,roc_auc_macro,n_classes_in_test
convnext_tiny,RF,Falciparum,Vivax,0.4666666666666667,0.7037037037037037,0.7948717948717948,0.7948717948717949,0.7037037037037037,0.4666666666666667,0.5851851851851851,0.3718518518518518,0.37582301400141443,,3
convnext_tiny,LR,Falciparum,Vivax,0.7333333333333333,0.7925925925925926,0.7925925925925926,0.7333333333333333,0.7925925925925926,0.7333333333333333,0.7925925925925926,0.7333333333333333,0.4915254237288136,,3
convnext_tiny,KNN_1,Falciparum,Vivax,0.6666666666666666,0.725925925925926,0.6777777777777777,0.7755555555555557,0.725925925925926,0.6666666666666666,0.6027568922305764,0.6659147869674185,0.40883478787554234,,3
convnext_tiny,KNN_3,Falciparum,Vivax,0.6666666666666666,0.725925925925926,0.6777777777777777,0.7755555555555557,0.725925925925926,0.6666666666666666,0.6027568922305764,0.6659147869674185,0.40883478787554234,,3
convnext_tiny,KNN_5,Falciparum,Vivax,0.6666666666666666,0.725925925925926,0.6777777777777777,0.7755555555555557,0.725925925925926,0.6666666666666666,0.6027568922305764,0.6659147869674185,0.40883478787554234,,3
convnext_tiny,RF,Falciparum,Ovale,0.2,0.3333333333333333,0.07407407407407407,0.06666666666666667,0.2222222222222222,0.2,0.1111111111111111,0.1,-0.2545875386086578,,2
convnext_tiny,LR,Falciparum,Ovale,0.7,0.5,0.35,0.48999999999999994,0.5,0.7,0.4117647058823529,0.5764705882352941,0.0,,2
convnext_tiny,KNN_1,Falciparum,Ovale,0.7,0.5,0.35,0.48999999999999994,0.5,0.7,0.4117647058823529,0.5764705882352941,0.0,,2
convnext_tiny,KNN_3,Falciparum,Ovale,0.7,0.5,0.35,0.48999999999999994,0.5,0.7,0.4117647058823529,0.5764705882352941,0.0,,2
convnext_tiny,KNN_5,Falciparum,Ovale,0.7,0.5,0.35,0.48999999999999994,0.5,0.7,0.4117647058823529,0.5764705882352941,0.0,,2
convnext_tiny,RF,Falciparum,Malariae,0.16666666666666666,0.4166666666666667,0.19999999999999998,0.17500000000000002,0.4166666666666667,0.16666666666666666,0.1717171717171717,0.12626262626262627,0.10741723110591493,,3
convnext_tiny,LR,Falciparum,Malariae,0.0,0.0,0.0,0.0,0.0,0.0,0.0,0.0,0.0,,3
convnext_tiny,KNN_1,Falciparum,Malariae,0.0,0.0,0.0,0.0,0.0,0.0,0.0,0.0,0.0,,3
convnext_tiny,KNN_3,Falciparum,Malariae,0.0,0.0,0.0,0.0,0.0,0.0,0.0,0.0,0.0,,3
convnext_tiny,KNN_5,Falciparum,Malariae,0.0,0.0,0.0,0.0,0.0,0.0,0.0,0.0,0.0,,3
convnext_tiny,RF,Vivax,Falciparum,0.9047619047619048,0.5,0.4523809523809524,0.81859410430839,0.5,0.9047619047619048,0.475,0.8595238095238096,0.0,,2
convnext_tiny,LR,Vivax,Falciparum,0.47619047619047616,0.2631578947368421,0.30303030303030304,0.8225108225108225,0.17543859649122806,0.47619047619047616,0.2222222222222222,0.6031746031746031,0.007733602811121824,,2
convnext_tiny,KNN_1,Vivax,Falciparum,0.6190476190476191,0.34210526315789475,0.30952380952380953,0.8401360544217686,0.2280701754385965,0.6190476190476191,0.2626262626262626,0.7128427128427128,0.023414645289542353,,2
convnext_tiny,KNN_3,Vivax,Falciparum,0.6190476190476191,0.34210526315789475,0.30952380952380953,0.8401360544217686,0.2280701754385965,0.6190476190476191,0.2626262626262626,0.7128427128427128,0.023414645289542353,,2
convnext_tiny,KNN_5,Vivax,Falciparum,0.6190476190476191,0.34210526315789475,0.30952380952380953,0.8401360544217686,0.2280701754385965,0.6190476190476191,0.2626262626262626,0.7128427128427128,0.023414645289542353,,2
convnext_tiny,RF,Vivax,Ovale,0.2,0.14285714285714285,0.3333333333333333,0.7,0.09523809523809523,0.2,0.14814814814814814,0.31111111111111106,0.1636634176769943,,2
convnext_tiny,LR,Vivax,Ovale,0.2,0.23809523809523808,0.6666666666666666,1.0,0.15873015873015872,0.2,0.25,0.325,0.26462806201248157,,2
convnext_tiny,KNN_1,Vivax,Ovale,0.2,0.23809523809523808,0.6666666666666666,1.0,0.15873015873015872,0.2,0.25,0.325,0.26462806201248157,,2
convnext_tiny,KNN_3,Vivax,Ovale,0.2,0.23809523809523808,0.6666666666666666,1.0,0.15873015873015872,0.2,0.25,0.325,0.26462806201248157,,2
convnext_tiny,KNN_5,Vivax,Ovale,0.2,0.23809523809523808,0.6666666666666666,1.0,0.15873015873015872,0.2,0.25,0.325,0.26462806201248157,,2
convnext_tiny,RF,Vivax,Malariae,0.0,0.0,0.0,0.0,0.0,0.0,0.0,0.0,0.0,,3
convnext_tiny,LR,Vivax,Malariae,0.3333333333333333,0.3333333333333333,0.1111111111111111,0.1111111111111111,0.3333333333333333,0.3333333333333333,0.16666666666666666,0.16666666666666666,0.0,,3
convnext_tiny,KNN_1,Vivax,Malariae,0.3333333333333333,0.3333333333333333,0.09090909090909091,0.12121212121212122,0.25,0.3333333333333333,0.13333333333333333,0.17777777777777778,0.09656090991705352,,3
convnext_tiny,KNN_3,Vivax,Malariae,0.3333333333333333,0.3333333333333333,0.09090909090909091,0.12121212121212122,0.25,0.3333333333333333,0.13333333333333333,0.17777777777777778,0.09656090991705352,,3
convnext_tiny,KNN_5,Vivax,Malariae,0.3333333333333333,0.3333333333333333,0.09090909090909091,0.12121212121212122,0.25,0.3333333333333333,0.13333333333333333,0.17777777777777778,0.09656090991705352,,3
convnext_tiny,RF,Ovale,Falciparum,0.09523809523809523,0.5,0.07407407407407407,0.021164021164021163,0.3333333333333333,0.09523809523809523,0.12121212121212122,0.03463203463203463,0.18731716231633883,,2
convnext_tiny,LR,Ovale,Falciparum,0.5714285714285714,0.5394736842105263,0.5138888888888888,0.8399470899470898,0.5394736842105263,0.5714285714285714,0.4457478005865103,0.6594051110180142,0.046829290579084706,,2
convnext_tiny,KNN_1,Ovale,Falciparum,0.6190476190476191,0.34210526315789475,0.3333333333333333,0.9047619047619048,0.2280701754385965,0.6190476190476191,0.2708333333333333,0.7351190476190477,0.10543316579753614,,2
convnext_tiny,KNN_3,Ovale,Falciparum,0.6190476190476191,0.34210526315789475,0.3333333333333333,0.9047619047619048,0.2280701754385965,0.6190476190476191,0.2708333333333333,0.7351190476190477,0.10543316579753614,,2
convnext_tiny,KNN_5,Ovale,Falciparum,0.6190476190476191,0.34210526315789475,0.3333333333333333,0.9047619047619048,0.2280701754385965,0.6190476190476191,0.2708333333333333,0.7351190476190477,0.10543316579753614,,2
convnext_tiny,RF,Ovale,Vivax,0.7333333333333333,0.5555555555555555,0.5185185185185185,0.7851851851851852,0.5555555555555555,0.7333333333333333,0.5047619047619047,0.7180952380952381,0.5846434037980073,,3
convnext_tiny,LR,Ovale,Vivax,0.7333333333333333,0.4962962962962963,0.3875,0.73,0.37222222222222223,0.7333333333333333,0.3771929824561403,0.7274853801169591,0.4872028364983394,,3
convnext_tiny,KNN_1,Ovale,Vivax,0.4666666666666667,0.3481481481481481,0.35,0.6799999999999999,0.26111111111111107,0.4666666666666667,0.2928571428571428,0.5428571428571428,0.26307610980099005,,3
convnext_tiny,KNN_3,Ovale,Vivax,0.4666666666666667,0.3481481481481481,0.35,0.6799999999999999,0.26111111111111107,0.4666666666666667,0.2928571428571428,0.5428571428571428,0.26307610980099005,,3
convnext_tiny,KNN_5,Ovale,Vivax,0.4666666666666667,0.3481481481481481,0.35,0.6799999999999999,0.26111111111111107,0.4666666666666667,0.2928571428571428,0.5428571428571428,0.26307610980099005,,3
convnext_tiny,RF,Ovale,Malariae,0.25,0.42857142857142855,0.3333333333333333,0.611111111111111,0.3214285714285714,0.25,0.2361111111111111,0.3009259259259259,0.23757425355816877,,3
convnext_tiny,LR,Ovale,Malariae,0.16666666666666666,0.38095238095238093,0.20833333333333331,0.3194444444444445,0.2857142857142857,0.16666666666666666,0.18055555555555555,0.17129629629629628,0.08752735657406217,,3
convnext_tiny,KNN_1,Ovale,Malariae,0.16666666666666666,0.38095238095238093,0.13333333333333333,0.2111111111111111,0.2857142857142857,0.16666666666666666,0.13333333333333333,0.14444444444444446,-0.023357091793352585,,3
convnext_tiny,KNN_3,Ovale,Malariae,0.16666666666666666,0.38095238095238093,0.13333333333333333,0.2111111111111111,0.2857142857142857,0.16666666666666666,0.13333333333333333,0.14444444444444446,-0.023357091793352585,,3
convnext_tiny,KNN_5,Ovale,Malariae,0.16666666666666666,0.38095238095238093,0.13333333333333333,0.2111111111111111,0.2857142857142857,0.16666666666666666,0.13333333333333333,0.14444444444444446,-0.023357091793352585,,3
dinobloom_base,RF,Falciparum,Vivax,0.6,0.4222222222222222,0.39285714285714285,0.5928571428571429,0.4222222222222222,0.6,0.40196078431372556,0.5901960784313726,0.24356115022372735,,3
dinobloom_base,LR,Falciparum,Vivax,0.6,0.6592592592592593,0.7142857142857143,0.9428571428571428,0.6592592592592593,0.6,0.4861111111111111,0.6527777777777778,0.4920678313051229,,3
dinobloom_base,KNN_1,Falciparum,Vivax,0.8,0.8888888888888888,0.7380952380952381,0.8714285714285714,0.8888888888888888,0.8,0.7666666666666666,0.8022222222222222,0.7025537379701232,,3
dinobloom_base,KNN_3,Falciparum,Vivax,0.8,0.8888888888888888,0.7380952380952381,0.8714285714285714,0.8888888888888888,0.8,0.7666666666666666,0.8022222222222222,0.7025537379701232,,3
dinobloom_base,KNN_5,Falciparum,Vivax,0.8,0.8888888888888888,0.7380952380952381,0.8714285714285714,0.8888888888888888,0.8,0.7666666666666666,0.8022222222222222,0.7025537379701232,,3
dinobloom_base,RF,Falciparum,Ovale,0.8,0.6666666666666666,0.8888888888888888,0.8444444444444444,0.6666666666666666,0.8,0.6875,0.7625,0.5091750772173156,,2
dinobloom_base,LR,Falciparum,Ovale,1.0,1.0,1.0,1.0,1.0,1.0,1.0,1.0,1.0,,2
dinobloom_base,KNN_1,Falciparum,Ovale,1.0,1.0,1.0,1.0,1.0,1.0,1.0,1.0,1.0,,2
dinobloom_base,KNN_3,Falciparum,Ovale,1.0,1.0,1.0,1.0,1.0,1.0,1.0,1.0,1.0,,2
dinobloom_base,KNN_5,Falciparum,Ovale,1.0,1.0,1.0,1.0,1.0,1.0,1.0,1.0,1.0,,2
dinobloom_base,RF,Falciparum,Malariae,0.08333333333333333,0.3333333333333333,0.08333333333333333,0.027777777777777776,0.25,0.08333333333333333,0.125,0.041666666666666664,0.1386750490563073,,3
dinobloom_base,LR,Falciparum,Malariae,0.16666666666666666,0.09523809523809523,0.25,0.5833333333333334,0.07142857142857142,0.16666666666666666,0.1111111111111111,0.25925925925925924,0.10675210253672476,,3
dinobloom_base,KNN_1,Falciparum,Malariae,0.16666666666666666,0.4166666666666667,0.2916666666666667,0.34722222222222227,0.3125,0.16666666666666666,0.17142857142857143,0.15714285714285714,0.17505471314812435,,3
dinobloom_base,KNN_3,Falciparum,Malariae,0.16666666666666666,0.4166666666666667,0.2916666666666667,0.34722222222222227,0.3125,0.16666666666666666,0.17142857142857143,0.15714285714285714,0.17505471314812435,,3
dinobloom_base,KNN_5,Falciparum,Malariae,0.16666666666666666,0.4166666666666667,0.2916666666666667,0.34722222222222227,0.3125,0.16666666666666666,0.17142857142857143,0.15714285714285714,0.17505471314812435,,3
dinobloom_base,RF,Vivax,Falciparum,0.9047619047619048,0.5,0.4523809523809524,0.81859410430839,0.5,0.9047619047619048,0.475,0.8595238095238096,0.0,,2
dinobloom_base,LR,Vivax,Falciparum,0.9047619047619048,0.5,0.4523809523809524,0.81859410430839,0.5,0.9047619047619048,0.475,0.8595238095238096,0.0,,2
dinobloom_base,KNN_1,Vivax,Falciparum,0.6666666666666666,0.3684210526315789,0.2916666666666667,0.7916666666666666,0.24561403508771928,0.6666666666666666,0.26666666666666666,0.7238095238095239,-0.09068453126375146,,2
dinobloom_base,KNN_3,Vivax,Falciparum,0.6666666666666666,0.3684210526315789,0.2916666666666667,0.7916666666666666,0.24561403508771928,0.6666666666666666,0.26666666666666666,0.7238095238095239,-0.09068453126375146,,2
dinobloom_base,KNN_5,Vivax,Falciparum,0.6666666666666666,0.3684210526315789,0.2916666666666667,0.7916666666666666,0.24561403508771928,0.6666666666666666,0.26666666666666666,0.7238095238095239,-0.09068453126375146,,2
dinobloom_base,RF,Vivax,Ovale,0.9,0.8333333333333333,0.6666666666666666,1.0,0.5555555555555555,0.9,0.6,0.9400000000000001,0.7962775715882576,,2
dinobloom_base,LR,Vivax,Ovale,1.0,1.0,1.0,1.0,1.0,1.0,1.0,1.0,1.0,,2
dinobloom_base,KNN_1,Vivax,Ovale,0.8,0.7619047619047619,0.6190476190476191,0.9,0.5079365079365079,0.8,0.5523809523809523,0.8400000000000001,0.5687696939916126,,2
dinobloom_base,KNN_3,Vivax,Ovale,0.8,0.7619047619047619,0.6190476190476191,0.9,0.5079365079365079,0.8,0.5523809523809523,0.8400000000000001,0.5687696939916126,,2
dinobloom_base,KNN_5,Vivax,Ovale,0.8,0.7619047619047619,0.6190476190476191,0.9,0.5079365079365079,0.8,0.5523809523809523,0.8400000000000001,0.5687696939916126,,2
dinobloom_base,RF,Vivax,Malariae,0.0,0.0,0.0,0.0,0.0,0.0,0.0,0.0,-0.09656090991705352,,3
dinobloom_base,LR,Vivax,Malariae,0.08333333333333333,0.08333333333333333,0.25,0.3333333333333333,0.0625,0.08333333333333333,0.1,0.13333333333333333,-0.08920515501750789,,3
dinobloom_base,KNN_1,Vivax,Malariae,0.16666666666666666,0.16666666666666666,0.16666666666666666,0.2222222222222222,0.125,0.16666666666666666,0.14285714285714285,0.19047619047619047,0.06766649524509584,,3
dinobloom_base,KNN_3,Vivax,Malariae,0.16666666666666666,0.16666666666666666,0.16666666666666666,0.2222222222222222,0.125,0.16666666666666666,0.14285714285714285,0.19047619047619047,0.06766649524509584,,3
dinobloom_base,KNN_5,Vivax,Malariae,0.16666666666666666,0.16666666666666666,0.16666666666666666,0.2222222222222222,0.125,0.16666666666666666,0.14285714285714285,0.19047619047619047,0.06766649524509584,,3
dinobloom_base,RF,Ovale,Falciparum,0.7619047619047619,0.6447368421052632,0.56875,0.8672619047619047,0.6447368421052632,0.7619047619047619,0.5714285714285714,0.8027210884353742,0.1995059687802532,,2
dinobloom_base,LR,Ovale,Falciparum,0.9523809523809523,0.75,0.975,0.9547619047619048,0.75,0.9523809523809523,0.8205128205128205,0.9450549450549449,0.689202437604511,,2
dinobloom_base,KNN_1,Ovale,Falciparum,0.8571428571428571,0.9210526315789473,0.7,0.9428571428571428,0.9210526315789473,0.8571428571428571,0.7428571428571429,0.8816326530612244,0.5803810000880093,,2
dinobloom_base,KNN_3,Ovale,Falciparum,0.8571428571428571,0.9210526315789473,0.7,0.9428571428571428,0.9210526315789473,0.8571428571428571,0.7428571428571429,0.8816326530612244,0.5803810000880093,,2
dinobloom_base,KNN_5,Ovale,Falciparum,0.8571428571428571,0.9210526315789473,0.7,0.9428571428571428,0.9210526315789473,0.8571428571428571,0.7428571428571429,0.8816326530612244,0.5803810000880093,,2
dinobloom_base,RF,Ovale,Vivax,0.9333333333333333,0.6666666666666666,0.6111111111111112,0.8777777777777779,0.6666666666666666,0.9333333333333333,0.6363636363636364,0.903030303030303,0.8769651056970109,,3
dinobloom_base,LR,Ovale,Vivax,0.7333333333333333,0.5555555555555555,0.45833333333333337,0.8777777777777779,0.41666666666666663,0.7333333333333333,0.42727272727272725,0.7830303030303031,0.6053661396860024,,3
dinobloom_base,KNN_1,Ovale,Vivax,0.6666666666666666,0.5185185185185185,0.45833333333333337,0.8777777777777779,0.3888888888888889,0.6666666666666666,0.40584415584415584,0.7316017316017316,0.5675307559556272,,3
dinobloom_base,KNN_3,Ovale,Vivax,0.6666666666666666,0.5185185185185185,0.45833333333333337,0.8777777777777779,0.3888888888888889,0.6666666666666666,0.40584415584415584,0.7316017316017316,0.5675307559556272,,3
dinobloom_base,KNN_5,Ovale,Vivax,0.6666666666666666,0.5185185185185185,0.45833333333333337,0.8777777777777779,0.3888888888888889,0.6666666666666666,0.40584415584415584,0.7316017316017316,0.5675307559556272,,3
dinobloom_base,RF,Ovale,Malariae,0.3333333333333333,0.19047619047619047,0.1111111111111111,0.25925925925925924,0.14285714285714285,0.3333333333333333,0.125,0.2916666666666667,-0.23112508176051214,,3
dinobloom_base,LR,Ovale,Malariae,0.3333333333333333,0.2261904761904762,0.375,0.625,0.16964285714285715,0.3333333333333333,0.2153846153846154,0.40256410256410263,0.011935247900657215,,3
dinobloom_base,KNN_1,Ovale,Malariae,0.16666666666666666,0.13095238095238096,0.375,0.625,0.09821428571428571,0.16666666666666666,0.15555555555555556,0.26296296296296295,0.022875450543583874,,3
dinobloom_base,KNN_3,Ovale,Malariae,0.16666666666666666,0.13095238095238096,0.375,0.625,0.09821428571428571,0.16666666666666666,0.15555555555555556,0.26296296296296295,0.022875450543583874,,3
dinobloom_base,KNN_5,Ovale,Malariae,0.16666666666666666,0.13095238095238096,0.375,0.625,0.09821428571428571,0.16666666666666666,0.15555555555555556,0.26296296296296295,0.022875450543583874,,3
reddino_base,RF,Falciparum,Vivax,0.6666666666666666,0.6666666666666666,0.3888888888888889,0.611111111111111,0.6666666666666666,0.6666666666666666,0.42857142857142855,0.6190476190476191,0.5580687036253706,,3
reddino_base,LR,Falciparum,Vivax,0.5333333333333333,0.5925925925925926,0.375,0.6083333333333333,0.5925925925925926,0.5333333333333333,0.36574074074074076,0.5398148148148147,0.42623201289152285,,3
reddino_base,KNN_1,Falciparum,Vivax,0.6666666666666666,0.6962962962962962,0.7222222222222222,0.9444444444444444,0.6962962962962962,0.6666666666666666,0.5200746965452847,0.6948646125116713,0.5538892756574677,,3
reddino_base,KNN_3,Falciparum,Vivax,0.6666666666666666,0.6962962962962962,0.7222222222222222,0.9444444444444444,0.6962962962962962,0.6666666666666666,0.5200746965452847,0.6948646125116713,0.5538892756574677,,3
reddino_base,KNN_5,Falciparum,Vivax,0.6666666666666666,0.6962962962962962,0.7222222222222222,0.9444444444444444,0.6962962962962962,0.6666666666666666,0.5200746965452847,0.6948646125116713,0.5538892756574677,,3
reddino_base,RF,Falciparum,Ovale,0.7,0.5952380952380952,0.6666666666666666,1.0,0.3968253968253968,0.7,0.4743589743589744,0.7961538461538462,0.5249506569572601,,2
reddino_base,LR,Falciparum,Ovale,0.4,0.2857142857142857,0.3333333333333333,0.7,0.19047619047619047,0.4,0.24242424242424243,0.509090909090909,0.2672612419124244,,2
reddino_base,KNN_1,Falciparum,Ovale,0.8,0.6666666666666666,0.6666666666666666,1.0,0.4444444444444444,0.8,0.5,0.85,0.6370220572706061,,2
reddino_base,KNN_3,Falciparum,Ovale,0.8,0.6666666666666666,0.6666666666666666,1.0,0.4444444444444444,0.8,0.5,0.85,0.6370220572706061,,2
reddino_base,KNN_5,Falciparum,Ovale,0.8,0.6666666666666666,0.6666666666666666,1.0,0.4444444444444444,0.8,0.5,0.85,0.6370220572706061,,2
reddino_base,RF,Falciparum,Malariae,0.16666666666666666,0.16666666666666666,0.16666666666666666,0.2222222222222222,0.125,0.16666666666666666,0.14285714285714285,0.19047619047619047,0.1849000654084097,,3
reddino_base,LR,Falciparum,Malariae,0.3333333333333333,0.3333333333333333,0.1111111111111111,0.14814814814814814,0.25,0.3333333333333333,0.15384615384615385,0.20512820512820515,0.1849000654084097,,3
reddino_base,KNN_1,Falciparum,Malariae,0.08333333333333333,0.08333333333333333,0.0625,0.08333333333333333,0.0625,0.08333333333333333,0.0625,0.08333333333333333,-0.05661385170722978,,3
reddino_base,KNN_3,Falciparum,Malariae,0.08333333333333333,0.08333333333333333,0.0625,0.08333333333333333,0.0625,0.08333333333333333,0.0625,0.08333333333333333,-0.05661385170722978,,3
reddino_base,KNN_5,Falciparum,Malariae,0.08333333333333333,0.08333333333333333,0.0625,0.08333333333333333,0.0625,0.08333333333333333,0.0625,0.08333333333333333,-0.05661385170722978,,3
reddino_base,RF,Vivax,Falciparum,0.9047619047619048,0.5,0.4523809523809524,0.81859410430839,0.5,0.9047619047619048,0.475,0.8595238095238096,0.0,,2
reddino_base,LR,Vivax,Falciparum,0.7619047619047619,0.42105263157894735,0.4444444444444444,0.8042328042328043,0.42105263157894735,0.7619047619047619,0.43243243243243246,0.7824967824967827,-0.13245323570650439,,2
reddino_base,KNN_1,Vivax,Falciparum,0.9047619047619048,0.5,0.25,0.9047619047619048,0.25,0.9047619047619048,0.25,0.9047619047619048,0.49354811679282456,,2
reddino_base,KNN_3,Vivax,Falciparum,0.9047619047619048,0.5,0.25,0.9047619047619048,0.25,0.9047619047619048,0.25,0.9047619047619048,0.49354811679282456,,2
reddino_base,KNN_5,Vivax,Falciparum,0.9047619047619048,0.5,0.25,0.9047619047619048,0.25,0.9047619047619048,0.25,0.9047619047619048,0.49354811679282456,,2
reddino_base,RF,Vivax,Ovale,0.3,0.5,0.14285714285714285,0.12857142857142856,0.3333333333333333,0.3,0.19999999999999998,0.18,0.21428571428571427,,2
reddino_base,LR,Vivax,Ovale,0.3,0.5,0.16666666666666666,0.15,0.3333333333333333,0.3,0.2222222222222222,0.2,0.2672612419124244,,2
reddino_base,KNN_1,Vivax,Ovale,0.3,0.5,0.125,0.1125,0.3333333333333333,0.3,0.1818181818181818,0.16363636363636364,0.1636634176769943,,2
reddino_base,KNN_3,Vivax,Ovale,0.3,0.5,0.125,0.1125,0.3333333333333333,0.3,0.1818181818181818,0.16363636363636364,0.1636634176769943,,2
reddino_base,KNN_5,Vivax,Ovale,0.3,0.5,0.125,0.1125,0.3333333333333333,0.3,0.1818181818181818,0.16363636363636364,0.1636634176769943,,2
reddino_base,RF,Vivax,Malariae,0.08333333333333333,0.3333333333333333,0.027777777777777776,0.006944444444444444,0.3333333333333333,0.08333333333333333,0.05128205128205129,0.012820512820512822,0.0,,3
reddino_base,LR,Vivax,Malariae,0.25,0.42857142857142855,0.25925925925925924,0.3981481481481481,0.42857142857142855,0.25,0.20000000000000004,0.25000000000000006,0.09245003270420485,,3
reddino_base,KNN_1,Vivax,Malariae,0.08333333333333333,0.3333333333333333,0.027777777777777776,0.006944444444444444,0.3333333333333333,0.08333333333333333,0.05128205128205129,0.012820512820512822,0.0,,3
reddino_base,KNN_3,Vivax,Malariae,0.08333333333333333,0.3333333333333333,0.027777777777777776,0.006944444444444444,0.3333333333333333,0.08333333333333333,0.05128205128205129,0.012820512820512822,0.0,,3
reddino_base,KNN_5,Vivax,Malariae,0.08333333333333333,0.3333333333333333,0.027777777777777776,0.006944444444444444,0.3333333333333333,0.08333333333333333,0.05128205128205129,0.012820512820512822,0.0,,3
reddino_base,RF,Ovale,Falciparum,0.9047619047619048,0.5,0.31666666666666665,0.8595238095238096,0.3333333333333333,0.9047619047619048,0.3247863247863248,0.8815628815628814,0.3446012188022555,,2
reddino_base,LR,Ovale,Falciparum,0.6190476190476191,0.34210526315789475,0.3333333333333333,0.9047619047619048,0.2280701754385965,0.6190476190476191,0.2708333333333333,0.7351190476190477,0.20679254796712776,,2
reddino_base,KNN_1,Ovale,Falciparum,0.38095238095238093,0.21052631578947367,0.3333333333333333,0.9047619047619048,0.14035087719298245,0.38095238095238093,0.19753086419753085,0.5361552028218695,0.0,,2
reddino_base,KNN_3,Ovale,Falciparum,0.38095238095238093,0.21052631578947367,0.3333333333333333,0.9047619047619048,0.14035087719298245,0.38095238095238093,0.19753086419753085,0.5361552028218695,0.0,,2
reddino_base,KNN_5,Ovale,Falciparum,0.38095238095238093,0.21052631578947367,0.3333333333333333,0.9047619047619048,0.14035087719298245,0.38095238095238093,0.19753086419753085,0.5361552028218695,0.0,,2
reddino_base,RF,Ovale,Vivax,0.7333333333333333,0.525925925925926,0.45,0.8666666666666667,0.3944444444444445,0.7333333333333333,0.41875,0.7916666666666666,0.5948473748612553,,3
reddino_base,LR,Ovale,Vivax,0.6666666666666666,0.5185185185185185,0.45833333333333337,0.8777777777777779,0.3888888888888889,0.6666666666666666,0.40584415584415584,0.7316017316017316,0.5675307559556272,,3
reddino_base,KNN_1,Ovale,Vivax,0.7333333333333333,0.5555555555555555,0.4285714285714286,0.8380952380952381,0.41666666666666663,0.7333333333333333,0.4083333333333333,0.7577777777777778,0.5999335290531389,,3
reddino_base,KNN_3,Ovale,Vivax,0.7333333333333333,0.5555555555555555,0.4285714285714286,0.8380952380952381,0.41666666666666663,0.7333333333333333,0.4083333333333333,0.7577777777777778,0.5999335290531389,,3
reddino_base,KNN_5,Ovale,Vivax,0.7333333333333333,0.5555555555555555,0.4285714285714286,0.8380952380952381,0.41666666666666663,0.7333333333333333,0.4083333333333333,0.7577777777777778,0.5999335290531389,,3
reddino_base,RF,Ovale,Malariae,0.0,0.0,0.0,0.0,0.0,0.0,0.0,0.0,-0.13977131156292244,,3
reddino_base,LR,Ovale,Malariae,0.08333333333333333,0.08333333333333333,0.0625,0.08333333333333333,0.0625,0.08333333333333333,0.0625,0.08333333333333333,-0.14322297480788657,,3
reddino_base,KNN_1,Ovale,Malariae,0.08333333333333333,0.08333333333333333,0.08333333333333333,0.1111111111111111,0.0625,0.08333333333333333,0.07142857142857142,0.09523809523809523,-0.17517818845014438,,3
reddino_base,KNN_3,Ovale,Malariae,0.08333333333333333,0.08333333333333333,0.08333333333333333,0.1111111111111111,0.0625,0.08333333333333333,0.07142857142857142,0.09523809523809523,-0.17517818845014438,,3
reddino_base,KNN_5,Ovale,Malariae,0.08333333333333333,0.08333333333333333,0.08333333333333333,0.1111111111111111,0.0625,0.08333333333333333,0.07142857142857142,0.09523809523809523,-0.17517818845014438,,3
resnet50,RF,Falciparum,Vivax,0.6,0.3333333333333333,0.19999999999999998,0.36,0.3333333333333333,0.6,0.25,0.45,0.0,,3
resnet50,LR,Falciparum,Vivax,0.8,0.5333333333333333,0.5833333333333334,0.7833333333333333,0.5333333333333333,0.8,0.5357142857142857,0.7642857142857142,0.6183973271589134,,3
resnet50,KNN_1,Falciparum,Vivax,0.7333333333333333,0.4962962962962963,0.4666666666666666,0.6799999999999999,0.4962962962962963,0.7333333333333333,0.4807017543859649,0.7052631578947367,0.46028730894916164,,3
resnet50,KNN_3,Falciparum,Vivax,0.7333333333333333,0.4962962962962963,0.4666666666666666,0.6799999999999999,0.4962962962962963,0.7333333333333333,0.4807017543859649,0.7052631578947367,0.46028730894916164,,3
resnet50,KNN_5,Falciparum,Vivax,0.7333333333333333,0.4962962962962963,0.4666666666666666,0.6799999999999999,0.4962962962962963,0.7333333333333333,0.4807017543859649,0.7052631578947367,0.46028730894916164,,3
resnet50,RF,Falciparum,Ovale,0.7,0.5,0.35,0.48999999999999994,0.5,0.7,0.4117647058823529,0.5764705882352941,0.0,,2
resnet50,LR,Falciparum,Ovale,0.7,0.5952380952380952,0.625,0.675,0.5952380952380952,0.7,0.6000000000000001,0.68,0.2182178902359924,,2
resnet50,KNN_1,Falciparum,Ovale,0.7,0.5952380952380952,0.625,0.675,0.5952380952380952,0.7,0.6000000000000001,0.68,0.2182178902359924,,2
resnet50,KNN_3,Falciparum,Ovale,0.7,0.5952380952380952,0.625,0.675,0.5952380952380952,0.7,0.6000000000000001,0.68,0.2182178902359924,,2
resnet50,KNN_5,Falciparum,Ovale,0.7,0.5952380952380952,0.625,0.675,0.5952380952380952,0.7,0.6000000000000001,0.68,0.2182178902359924,,2
resnet50,RF,Falciparum,Malariae,0.0,0.0,0.0,0.0,0.0,0.0,0.0,0.0,0.0,,3
resnet50,LR,Falciparum,Malariae,0.08333333333333333,0.3333333333333333,0.0625,0.020833333333333332,0.25,0.08333333333333333,0.1,0.03333333333333333,0.11322770341445956,,3
resnet50,KNN_1,Falciparum,Malariae,0.0,0.0,0.0,0.0,0.0,0.0,0.0,0.0,-0.03580574370197165,,3
resnet50,KNN_3,Falciparum,Malariae,0.0,0.0,0.0,0.0,0.0,0.0,0.0,0.0,-0.03580574370197165,,3
resnet50,KNN_5,Falciparum,Malariae,0.0,0.0,0.0,0.0,0.0,0.0,0.0,0.0,-0.03580574370197165,,3
resnet50,RF,Vivax,Falciparum,0.047619047619047616,0.25,0.16666666666666666,0.047619047619047616,0.16666666666666666,0.047619047619047616,0.16666666666666666,0.047619047619047616,0.2236842105263158,,2
resnet50,LR,Vivax,Falciparum,0.047619047619047616,0.02631578947368421,0.3333333333333333,0.9047619047619048,0.017543859649122806,0.047619047619047616,0.03333333333333333,0.09047619047619049,0.03627381250550058,,2
resnet50,KNN_1,Vivax,Falciparum,0.19047619047619047,0.10526315789473684,0.25,0.9047619047619048,0.05263157894736842,0.19047619047619047,0.08695652173913043,0.3146997929606625,0.06554735253444621,,2
resnet50,KNN_3,Vivax,Falciparum,0.19047619047619047,0.10526315789473684,0.25,0.9047619047619048,0.05263157894736842,0.19047619047619047,0.08695652173913043,0.3146997929606625,0.06554735253444621,,2
resnet50,KNN_5,Vivax,Falciparum,0.19047619047619047,0.10526315789473684,0.25,0.9047619047619048,0.05263157894736842,0.19047619047619047,0.08695652173913043,0.3146997929606625,0.06554735253444621,,2
resnet50,RF,Vivax,Ovale,0.3,0.21428571428571427,0.3333333333333333,0.7,0.14285714285714285,0.3,0.19999999999999998,0.42000000000000004,0.21428571428571427,,2
resnet50,LR,Vivax,Ovale,0.1,0.16666666666666666,0.3333333333333333,0.3,0.1111111111111111,0.1,0.16666666666666666,0.15,0.2545875386086578,,2
resnet50,KNN_1,Vivax,Ovale,0.2,0.3333333333333333,0.25,0.3,0.16666666666666666,0.2,0.2,0.24000000000000005,0.14182715723279385,,2
resnet50,KNN_3,Vivax,Ovale,0.2,0.3333333333333333,0.25,0.3,0.16666666666666666,0.2,0.2,0.24000000000000005,0.14182715723279385,,2
resnet50,KNN_5,Vivax,Ovale,0.2,0.3333333333333333,0.25,0.3,0.16666666666666666,0.2,0.2,0.24000000000000005,0.14182715723279385,,2
resnet50,RF,Vivax,Malariae,0.16666666666666666,0.16666666666666666,0.07142857142857142,0.09523809523809523,0.125,0.16666666666666666,0.09090909090909091,0.12121212121212122,-0.0641025641025641,,3
resnet50,LR,Vivax,Malariae,0.3333333333333333,0.3333333333333333,0.1111111111111111,0.1111111111111111,0.3333333333333333,0.3333333333333333,0.16666666666666666,0.16666666666666666,0.0,,3
resnet50,KNN_1,Vivax,Malariae,0.08333333333333333,0.08333333333333333,0.0625,0.08333333333333333,0.0625,0.08333333333333333,0.0625,0.08333333333333333,-0.14102564102564102,,3
resnet50,KNN_3,Vivax,Malariae,0.08333333333333333,0.08333333333333333,0.0625,0.08333333333333333,0.0625,0.08333333333333333,0.0625,0.08333333333333333,-0.14102564102564102,,3
resnet50,KNN_5,Vivax,Malariae,0.08333333333333333,0.08333333333333333,0.0625,0.08333333333333333,0.0625,0.08333333333333333,0.0625,0.08333333333333333,-0.14102564102564102,,3
resnet50,RF,Ovale,Falciparum,0.3333333333333333,0.40789473684210525,0.3273809523809524,0.7874149659863945,0.2719298245614035,0.3333333333333333,0.22051282051282053,0.4366300366300367,-0.013425540338526368,,2
resnet50,LR,Ovale,Falciparum,0.7619047619047619,0.42105263157894735,0.4444444444444444,0.8042328042328043,0.42105263157894735,0.7619047619047619,0.43243243243243246,0.7824967824967827,-0.13245323570650439,,2
resnet50,KNN_1,Ovale,Falciparum,0.38095238095238093,0.6578947368421053,0.5666666666666667,0.9174603174603174,0.6578947368421053,0.38095238095238093,0.35764705882352943,0.4566946778711484,0.20519567041703082,,2
resnet50,KNN_3,Ovale,Falciparum,0.38095238095238093,0.6578947368421053,0.5666666666666667,0.9174603174603174,0.6578947368421053,0.38095238095238093,0.35764705882352943,0.4566946778711484,0.20519567041703082,,2
resnet50,KNN_5,Ovale,Falciparum,0.38095238095238093,0.6578947368421053,0.5666666666666667,0.9174603174603174,0.6578947368421053,0.38095238095238093,0.35764705882352943,0.4566946778711484,0.20519567041703082,,2
resnet50,RF,Ovale,Vivax,0.9333333333333333,0.6666666666666666,0.6333333333333333,0.8733333333333333,0.6666666666666666,0.9333333333333333,0.6491228070175438,0.9017543859649122,0.8745458870034072,,3
resnet50,LR,Ovale,Vivax,0.9333333333333333,0.6666666666666666,0.6111111111111112,0.8777777777777779,0.6666666666666666,0.9333333333333333,0.6363636363636364,0.903030303030303,0.8769651056970109,,3
resnet50,KNN_1,Ovale,Vivax,0.9333333333333333,0.6666666666666666,0.6111111111111112,0.8777777777777779,0.6666666666666666,0.9333333333333333,0.6363636363636364,0.903030303030303,0.8769651056970109,,3
resnet50,KNN_3,Ovale,Vivax,0.9333333333333333,0.6666666666666666,0.6111111111111112,0.8777777777777779,0.6666666666666666,0.9333333333333333,0.6363636363636364,0.903030303030303,0.8769651056970109,,3
resnet50,KNN_5,Ovale,Vivax,0.9333333333333333,0.6666666666666666,0.6111111111111112,0.8777777777777779,0.6666666666666666,0.9333333333333333,0.6363636363636364,0.903030303030303,0.8769651056970109,,3
resnet50,RF,Ovale,Malariae,0.08333333333333333,0.047619047619047616,0.25,0.5833333333333334,0.03571428571428571,0.08333333333333333,0.0625,0.14583333333333334,0.044602577508753946,,3
resnet50,LR,Ovale,Malariae,0.08333333333333333,0.047619047619047616,0.08333333333333333,0.19444444444444442,0.03571428571428571,0.08333333333333333,0.05,0.11666666666666668,-0.14322297480788657,,3
resnet50,KNN_1,Ovale,Malariae,0.08333333333333333,0.047619047619047616,0.125,0.2916666666666667,0.03571428571428571,0.08333333333333333,0.05555555555555555,0.12962962962962962,-0.044602577508753946,,3
resnet50,KNN_3,Ovale,Malariae,0.08333333333333333,0.047619047619047616,0.125,0.2916666666666667,0.03571428571428571,0.08333333333333333,0.05555555555555555,0.12962962962962962,-0.044602577508753946,,3
resnet50,KNN_5,Ovale,Malariae,0.08333333333333333,0.047619047619047616,0.125,0.2916666666666667,0.03571428571428571,0.08333333333333333,0.05555555555555555,0.12962962962962962,-0.044602577508753946,,3
swin_t,RF,Falciparum,Vivax,0.7333333333333333,0.4962962962962963,0.49242424242424243,0.6863636363636364,0.4962962962962963,0.7333333333333333,0.48888888888888893,0.7022222222222222,0.45141448638784426,,3
swin_t,LR,Falciparum,Vivax,0.6666666666666666,0.39999999999999997,0.5476190476190476,0.719047619047619,0.39999999999999997,0.6666666666666666,0.37198067632850246,0.5806763285024155,0.33054727530363,,3
swin_t,KNN_1,Falciparum,Vivax,1.0,1.0,1.0,1.0,1.0,1.0,1.0,1.0,1.0,,3
swin_t,KNN_3,Falciparum,Vivax,1.0,1.0,1.0,1.0,1.0,1.0,1.0,1.0,1.0,,3
swin_t,KNN_5,Falciparum,Vivax,1.0,1.0,1.0,1.0,1.0,1.0,1.0,1.0,1.0,,3
swin_t,RF,Falciparum,Ovale,0.6,0.6190476190476191,0.6000000000000001,0.68,0.6190476190476191,0.6,0.5833333333333333,0.6166666666666666,0.2182178902359924,,2
swin_t,LR,Falciparum,Ovale,0.7,0.5,0.35,0.48999999999999994,0.5,0.7,0.4117647058823529,0.5764705882352941,0.0,,2
swin_t,KNN_1,Falciparum,Ovale,0.8,0.7619047619047619,0.7619047619047619,0.8,0.7619047619047619,0.8,0.7619047619047619,0.8,0.5238095238095238,,2
swin_t,KNN_3,Falciparum,Ovale,0.8,0.7619047619047619,0.7619047619047619,0.8,0.7619047619047619,0.8,0.7619047619047619,0.8,0.5238095238095238,,2
swin_t,KNN_5,Falciparum,Ovale,0.8,0.7619047619047619,0.7619047619047619,0.8,0.7619047619047619,0.8,0.7619047619047619,0.8,0.5238095238095238,,2
swin_t,RF,Falciparum,Malariae,0.0,0.0,0.0,0.0,0.0,0.0,0.0,0.0,-0.11253517273807995,,3
swin_t,LR,Falciparum,Malariae,0.0,0.0,0.0,0.0,0.0,0.0,0.0,0.0,0.0,,3
swin_t,KNN_1,Falciparum,Malariae,0.0,0.0,0.0,0.0,0.0,0.0,0.0,0.0,-0.03580574370197165,,3
swin_t,KNN_3,Falciparum,Malariae,0.0,0.0,0.0,0.0,0.0,0.0,0.0,0.0,-0.03580574370197165,,3
swin_t,KNN_5,Falciparum,Malariae,0.0,0.0,0.0,0.0,0.0,0.0,0.0,0.0,-0.03580574370197165,,3
swin_t,RF,Vivax,Falciparum,0.9047619047619048,0.5,0.31666666666666665,0.8595238095238096,0.3333333333333333,0.9047619047619048,0.3247863247863248,0.8815628815628814,0.3446012188022555,,2
swin_t,LR,Vivax,Falciparum,0.9047619047619048,0.5,0.3333333333333333,0.9047619047619048,0.3333333333333333,0.9047619047619048,0.3333333333333333,0.9047619047619048,0.5,,2
swin_t,KNN_1,Vivax,Falciparum,0.9047619047619048,0.5,0.3333333333333333,0.9047619047619048,0.3333333333333333,0.9047619047619048,0.3333333333333333,0.9047619047619048,0.5,,2
swin_t,KNN_3,Vivax,Falciparum,0.9047619047619048,0.5,0.3333333333333333,0.9047619047619048,0.3333333333333333,0.9047619047619048,0.3333333333333333,0.9047619047619048,0.5,,2
swin_t,KNN_5,Vivax,Falciparum,0.9047619047619048,0.5,0.3333333333333333,0.9047619047619048,0.3333333333333333,0.9047619047619048,0.3333333333333333,0.9047619047619048,0.5,,2
swin_t,RF,Vivax,Ovale,0.9,0.8333333333333333,0.9375,0.9125,0.8333333333333333,0.9,0.8666666666666667,0.8933333333333333,0.7637626158259734,,2
swin_t,LR,Vivax,Ovale,0.8,0.6666666666666666,0.6666666666666666,1.0,0.4444444444444444,0.8,0.5,0.85,0.6370220572706061,,2
swin_t,KNN_1,Vivax,Ovale,0.9,0.9285714285714286,0.875,0.925,0.9285714285714286,0.9,0.8901098901098901,0.9032967032967033,0.8017837257372732,,2
swin_t,KNN_3,Vivax,Ovale,0.9,0.9285714285714286,0.875,0.925,0.9285714285714286,0.9,0.8901098901098901,0.9032967032967033,0.8017837257372732,,2
swin_t,KNN_5,Vivax,Ovale,0.9,0.9285714285714286,0.875,0.925,0.9285714285714286,0.9,0.8901098901098901,0.9032967032967033,0.8017837257372732,,2
swin_t,RF,Vivax,Malariae,0.0,0.0,0.0,0.0,0.0,0.0,0.0,0.0,0.0,,3
swin_t,LR,Vivax,Malariae,0.16666666666666666,0.16666666666666666,0.16666666666666666,0.2222222222222222,0.125,0.16666666666666666,0.14285714285714285,0.19047619047619047,0.1849000654084097,,3
swin_t,KNN_1,Vivax,Malariae,0.0,0.0,0.0,0.0,0.0,0.0,0.0,0.0,0.0,,3
swin_t,KNN_3,Vivax,Malariae,0.0,0.0,0.0,0.0,0.0,0.0,0.0,0.0,0.0,,3
swin_t,KNN_5,Vivax,Malariae,0.0,0.0,0.0,0.0,0.0,0.0,0.0,0.0,0.0,,3
swin_t,RF,Ovale,Falciparum,0.09523809523809523,0.5,0.041666666666666664,0.011904761904761904,0.3333333333333333,0.09523809523809523,0.07407407407407407,0.021164021164021163,0.09068453126375146,,2
swin_t,LR,Ovale,Falciparum,0.0,0.0,0.0,0.0,0.0,0.0,0.0,0.0,-0.03627381250550058,,2
swin_t,KNN_1,Ovale,Falciparum,0.0,0.0,0.0,0.0,0.0,0.0,0.0,0.0,-0.18731716231633883,,2
swin_t,KNN_3,Ovale,Falciparum,0.0,0.0,0.0,0.0,0.0,0.0,0.0,0.0,-0.18731716231633883,,2
swin_t,KNN_5,Ovale,Falciparum,0.0,0.0,0.0,0.0,0.0,0.0,0.0,0.0,-0.18731716231633883,,2
swin_t,RF,Ovale,Vivax,0.6,0.4518518518518519,0.45,0.8666666666666667,0.3388888888888889,0.6,0.37857142857142856,0.6952380952380952,0.4885699182018387,,3
swin_t,LR,Ovale,Vivax,0.8,0.5925925925925926,0.4285714285714286,0.8380952380952381,0.4444444444444444,0.8,0.42708333333333337,0.8027777777777778,0.6724927027836679,,3
swin_t,KNN_1,Ovale,Vivax,0.7333333333333333,0.525925925925926,0.41666666666666663,0.8222222222222222,0.3944444444444445,0.7333333333333333,0.4005681818181818,0.7674242424242425,0.5683580801556053,,3
swin_t,KNN_3,Ovale,Vivax,0.7333333333333333,0.525925925925926,0.41666666666666663,0.8222222222222222,0.3944444444444445,0.7333333333333333,0.4005681818181818,0.7674242424242425,0.5683580801556053,,3
swin_t,KNN_5,Ovale,Vivax,0.7333333333333333,0.525925925925926,0.41666666666666663,0.8222222222222222,0.3944444444444445,0.7333333333333333,0.4005681818181818,0.7674242424242425,0.5683580801556053,,3
swin_t,RF,Ovale,Malariae,0.08333333333333333,0.047619047619047616,0.125,0.2916666666666667,0.03571428571428571,0.08333333333333333,0.05555555555555555,0.12962962962962962,-0.05337605126836238,,3
swin_t,LR,Ovale,Malariae,0.08333333333333333,0.08333333333333333,0.08333333333333333,0.1111111111111111,0.0625,0.08333333333333333,0.07142857142857142,0.09523809523809523,-0.025007816164017767,,3
swin_t,KNN_1,Ovale,Malariae,0.3333333333333333,0.2976190476190476,0.23214285714285715,0.43452380952380953,0.2232142857142857,0.3333333333333333,0.1919191919191919,0.3114478114478114,0.0750234484920533,,3
swin_t,KNN_3,Ovale,Malariae,0.3333333333333333,0.2976190476190476,0.23214285714285715,0.43452380952380953,0.2232142857142857,0.3333333333333333,0.1919191919191919,0.3114478114478114,0.0750234484920533,,3
swin_t,KNN_5,Ovale,Malariae,0.3333333333333333,0.2976190476190476,0.23214285714285715,0.43452380952380953,0.2232142857142857,0.3333333333333333,0.1919191919191919,0.3114478114478114,0.0750234484920533,,3
vit_b16,RF,Falciparum,Vivax,0.5333333333333333,0.2962962962962963,0.19047619047619047,0.3428571428571428,0.2962962962962963,0.5333333333333333,0.2318840579710145,0.41739130434782606,-0.19136947517578579,,3
vit_b16,LR,Falciparum,Vivax,0.6,0.3333333333333333,0.19999999999999998,0.36,0.3333333333333333,0.6,0.25,0.45,0.0,,3
vit_b16,KNN_1,Falciparum,Vivax,0.6,0.3333333333333333,0.19999999999999998,0.36,0.3333333333333333,0.6,0.25,0.45,0.0,,3
vit_b16,KNN_3,Falciparum,Vivax,0.6,0.3333333333333333,0.19999999999999998,0.36,0.3333333333333333,0.6,0.25,0.45,0.0,,3
vit_b16,KNN_5,Falciparum,Vivax,0.6,0.3333333333333333,0.19999999999999998,0.36,0.3333333333333333,0.6,0.25,0.45,0.0,,3
vit_b16,RF,Falciparum,Ovale,0.7,0.5,0.25925925925925924,0.5444444444444445,0.3333333333333333,0.7,0.2916666666666667,0.6125,0.2545875386086578,,2
vit_b16,LR,Falciparum,Ovale,0.7,0.5,0.35,0.48999999999999994,0.5,0.7,0.4117647058823529,0.5764705882352941,0.0,,2
vit_b16,KNN_1,Falciparum,Ovale,0.7,0.5,0.35,0.48999999999999994,0.5,0.7,0.4117647058823529,0.5764705882352941,0.0,,2
vit_b16,KNN_3,Falciparum,Ovale,0.7,0.5,0.35,0.48999999999999994,0.5,0.7,0.4117647058823529,0.5764705882352941,0.0,,2
vit_b16,KNN_5,Falciparum,Ovale,0.7,0.5,0.35,0.48999999999999994,0.5,0.7,0.4117647058823529,0.5764705882352941,0.0,,2
vit_b16,RF,Falciparum,Malariae,0.0,0.0,0.0,0.0,0.0,0.0,0.0,0.0,0.0,,3
vit_b16,LR,Falciparum,Malariae,0.08333333333333333,0.047619047619047616,0.08333333333333333,0.19444444444444442,0.03571428571428571,0.08333333333333333,0.05,0.11666666666666668,-0.1386750490563073,,3
vit_b16,KNN_1,Falciparum,Malariae,0.0,0.0,0.0,0.0,0.0,0.0,0.0,0.0,0.0,,3
vit_b16,KNN_3,Falciparum,Malariae,0.0,0.0,0.0,0.0,0.0,0.0,0.0,0.0,0.0,,3
vit_b16,KNN_5,Falciparum,Malariae,0.0,0.0,0.0,0.0,0.0,0.0,0.0,0.0,0.0,,3
vit_b16,RF,Vivax,Falciparum,0.9047619047619048,0.5,0.4523809523809524,0.81859410430839,0.5,0.9047619047619048,0.475,0.8595238095238096,0.0,,2
vit_b16,LR,Vivax,Falciparum,0.7619047619047619,0.42105263157894735,0.4444444444444444,0.8042328042328043,0.42105263157894735,0.7619047619047619,0.43243243243243246,0.7824967824967827,-0.13245323570650439,,2
vit_b16,KNN_1,Vivax,Falciparum,0.8095238095238095,0.4473684210526316,0.2982456140350877,0.8095238095238095,0.2982456140350877,0.8095238095238095,0.2982456140350877,0.8095238095238095,-0.05263157894736842,,2
vit_b16,KNN_3,Vivax,Falciparum,0.8095238095238095,0.4473684210526316,0.2982456140350877,0.8095238095238095,0.2982456140350877,0.8095238095238095,0.2982456140350877,0.8095238095238095,-0.05263157894736842,,2
vit_b16,KNN_5,Vivax,Falciparum,0.8095238095238095,0.4473684210526316,0.2982456140350877,0.8095238095238095,0.2982456140350877,0.8095238095238095,0.2982456140350877,0.8095238095238095,-0.05263157894736842,,2
vit_b16,RF,Vivax,Ovale,0.8,0.6666666666666666,0.8888888888888888,0.8444444444444444,0.6666666666666666,0.8,0.6875,0.7625,0.5091750772173156,,2
vit_b16,LR,Vivax,Ovale,0.9,0.8333333333333333,0.6666666666666666,1.0,0.5555555555555555,0.9,0.6,0.9400000000000001,0.7962775715882576,,2
vit_b16,KNN_1,Vivax,Ovale,0.9,0.8333333333333333,0.6666666666666666,1.0,0.5555555555555555,0.9,0.6,0.9400000000000001,0.7962775715882576,,2
vit_b16,KNN_3,Vivax,Ovale,0.9,0.8333333333333333,0.6666666666666666,1.0,0.5555555555555555,0.9,0.6,0.9400000000000001,0.7962775715882576,,2
vit_b16,KNN_5,Vivax,Ovale,0.9,0.8333333333333333,0.6666666666666666,1.0,0.5555555555555555,0.9,0.6,0.9400000000000001,0.7962775715882576,,2
vit_b16,RF,Vivax,Malariae,0.0,0.0,0.0,0.0,0.0,0.0,0.0,0.0,0.0,,3
vit_b16,LR,Vivax,Malariae,0.08333333333333333,0.08333333333333333,0.25,0.3333333333333333,0.0625,0.08333333333333333,0.1,0.13333333333333333,0.19312181983410703,,3
vit_b16,KNN_1,Vivax,Malariae,0.0,0.0,0.0,0.0,0.0,0.0,0.0,0.0,0.0,,3
vit_b16,KNN_3,Vivax,Malariae,0.0,0.0,0.0,0.0,0.0,0.0,0.0,0.0,0.0,,3
vit_b16,KNN_5,Vivax,Malariae,0.0,0.0,0.0,0.0,0.0,0.0,0.0,0.0,0.0,,3
vit_b16,RF,Ovale,Falciparum,0.7619047619047619,0.6447368421052632,0.56875,0.8672619047619047,0.6447368421052632,0.7619047619047619,0.5714285714285714,0.8027210884353742,0.1995059687802532,,2
vit_b16,LR,Ovale,Falciparum,0.09523809523809523,0.5,0.047619047619047616,0.009070294784580499,0.5,0.09523809523809523,0.08695652173913043,0.016563146997929608,0.0,,2
vit_b16,KNN_1,Ovale,Falciparum,0.09523809523809523,0.5,0.047619047619047616,0.009070294784580499,0.5,0.09523809523809523,0.08695652173913043,0.016563146997929608,0.0,,2
vit_b16,KNN_3,Ovale,Falciparum,0.09523809523809523,0.5,0.047619047619047616,0.009070294784580499,0.5,0.09523809523809523,0.08695652173913043,0.016563146997929608,0.0,,2
vit_b16,KNN_5,Ovale,Falciparum,0.09523809523809523,0.5,0.047619047619047616,0.009070294784580499,0.5,0.09523809523809523,0.08695652173913043,0.016563146997929608,0.0,,2
vit_b16,RF,Ovale,Vivax,0.8666666666666667,0.6296296296296297,0.5714285714285715,0.8380952380952381,0.6296296296296297,0.8666666666666667,0.5915032679738562,0.842483660130719,0.7654779007031431,,3
vit_b16,LR,Ovale,Vivax,0.9333333333333333,0.6666666666666666,0.6111111111111112,0.8777777777777779,0.6666666666666666,0.9333333333333333,0.6363636363636364,0.903030303030303,0.8769651056970109,,3
vit_b16,KNN_1,Ovale,Vivax,0.6666666666666666,0.48888888888888893,0.39285714285714285,0.7904761904761906,0.3666666666666667,0.6666666666666666,0.3666666666666667,0.7022222222222222,0.48152559568738784,,3
vit_b16,KNN_3,Ovale,Vivax,0.6666666666666666,0.48888888888888893,0.39285714285714285,0.7904761904761906,0.3666666666666667,0.6666666666666666,0.3666666666666667,0.7022222222222222,0.48152559568738784,,3
vit_b16,KNN_5,Ovale,Vivax,0.6666666666666666,0.48888888888888893,0.39285714285714285,0.7904761904761906,0.3666666666666667,0.6666666666666666,0.3666666666666667,0.7022222222222222,0.48152559568738784,,3
vit_b16,RF,Ovale,Malariae,0.0,0.0,0.0,0.0,0.0,0.0,0.0,0.0,0.0,,3
vit_b16,LR,Ovale,Malariae,0.08333333333333333,0.3333333333333333,0.05,0.016666666666666666,0.25,0.08333333333333333,0.08333333333333333,0.027777777777777776,0.09473309334313418,,3
vit_b16,KNN_1,Ovale,Malariae,0.0,0.0,0.0,0.0,0.0,0.0,0.0,0.0,-0.22301288754376972,,3
vit_b16,KNN_3,Ovale,Malariae,0.0,0.0,0.0,0.0,0.0,0.0,0.0,0.0,-0.22301288754376972,,3
vit_b16,KNN_5,Ovale,Malariae,0.0,0.0,0.0,0.0,0.0,0.0,0.0,0.0,-0.22301288754376972,,3
